level_encoded,event_encoded,hour,seconds_since_last_log,ip_frequency
2,4,0,0.0,252
0,8,0,19.0,53
0,7,0,6.0,53
1,4,0,1.0,242
2,9,0,5.0,261
1,0,0,14.0,210
0,3,0,15.0,53
0,3,0,7.0,53
1,2,0,2.0,256
0,4,0,4.0,256
0,7,0,13.0,55
0,7,0,6.0,53
0,7,0,14.0,75
0,2,0,3.0,270
0,3,0,12.0,67
0,1,0,13.0,75
1,9,0,7.0,248
0,8,0,7.0,55
0,1,0,4.0,55
0,1,0,7.0,53
0,8,0,28.0,67
2,2,0,3.0,270
0,7,0,4.0,67
0,8,0,2.0,67
0,5,0,3.0,75
1,4,0,6.0,261
1,4,0,1.0,233
0,9,0,1.0,258
0,7,0,5.0,53
0,8,0,4.0,53
0,7,0,3.0,67
0,3,0,2.0,53
0,3,0,3.0,75
0,1,0,4.0,55
0,5,0,8.0,75
2,6,0,19.0,248
0,5,0,8.0,75
0,7,0,7.0,53
2,9,0,2.0,242
2,6,0,14.0,257
2,9,0,7.0,248
0,8,0,3.0,55
0,5,0,17.0,75
0,4,0,10.0,261
0,7,0,8.0,67
0,1,0,4.0,53
0,8,0,6.0,55
2,2,0,29.0,270
0,7,0,16.0,53
0,8,0,15.0,67
0,8,0,7.0,67
2,4,0,10.0,261
0,3,0,0.0,55
0,0,0,6.0,210
0,5,0,1.0,55
0,3,0,11.0,55
1,6,0,4.0,233
0,7,0,17.0,67
1,2,0,13.0,253
0,1,0,19.0,53
2,6,0,10.0,261
2,2,0,3.0,234
2,2,0,26.0,244
0,1,0,28.0,67
0,1,0,4.0,55
0,9,0,0.0,234
0,0,0,1.0,244
0,3,0,10.0,53
0,1,0,0.0,67
2,6,0,38.0,258
1,2,0,1.0,244
1,2,0,0.0,258
0,3,0,3.0,53
2,2,0,3.0,210
1,2,0,4.0,256
0,3,0,23.0,67
2,9,0,18.0,270
0,3,0,2.0,75
2,9,0,1.0,248
2,6,0,15.0,252
0,0,0,36.0,233
0,7,0,3.0,55
0,6,0,16.0,249
2,4,0,11.0,242
0,1,0,11.0,67
2,4,0,15.0,249
2,0,0,1.0,233
0,8,0,6.0,75
0,1,0,6.0,75
0,7,0,5.0,75
0,8,0,7.0,67
0,8,0,2.0,67
0,3,0,3.0,53
1,2,0,25.0,242
0,3,0,5.0,55
0,8,0,6.0,67
1,6,0,13.0,257
0,5,0,12.0,55
0,4,0,5.0,248
0,8,0,9.0,75
0,1,0,6.0,67
0,6,0,5.0,248
2,6,0,23.0,253
1,2,0,31.0,248
0,7,0,5.0,53
2,6,0,4.0,236
0,0,0,12.0,257
0,5,0,20.0,53
0,7,0,1.0,53
0,7,0,1.0,75
0,5,0,3.0,67
0,7,0,3.0,55
0,8,0,3.0,53
1,9,0,5.0,257
0,5,0,7.0,53
2,2,0,7.0,257
0,3,0,6.0,67
2,6,0,12.0,210
0,5,0,9.0,55
1,6,0,1.0,272
0,0,0,20.0,248
0,1,0,7.0,67
0,7,0,1.0,55
0,4,0,21.0,248
0,8,0,6.0,67
2,4,0,15.0,249
1,4,0,1.0,244
0,1,0,1.0,75
2,6,0,5.0,249
1,9,0,18.0,256
2,2,0,30.0,270
0,1,0,4.0,67
0,5,0,30.0,75
1,2,0,15.0,236
0,1,0,3.0,67
1,6,0,9.0,233
2,0,0,4.0,249
2,6,0,31.0,233
1,2,0,5.0,261
0,7,0,3.0,67
1,4,0,6.0,257
0,3,0,14.0,75
0,7,0,3.0,55
1,9,0,3.0,257
0,9,0,34.0,270
2,4,0,10.0,257
1,0,0,6.0,272
0,5,0,7.0,75
0,3,0,5.0,67
1,4,0,10.0,257
0,1,0,3.0,75
0,3,0,1.0,55
0,5,0,7.0,75
1,2,0,4.0,236
0,0,0,5.0,234
0,5,0,4.0,67
0,8,0,11.0,55
2,4,0,21.0,257
2,0,0,14.0,270
0,3,0,9.0,55
0,5,0,5.0,55
0,7,0,2.0,75
0,7,0,26.0,55
2,2,0,18.0,257
0,0,0,6.0,272
0,8,0,2.0,55
0,8,0,2.0,53
0,5,0,0.0,75
0,5,0,5.0,75
1,9,0,7.0,272
1,2,0,0.0,233
0,7,0,17.0,75
0,4,0,8.0,272
0,3,0,4.0,55
2,4,0,5.0,252
0,1,0,0.0,53
2,0,0,13.0,272
0,6,0,5.0,261
0,8,0,1.0,67
2,2,0,8.0,256
2,0,0,0.0,257
0,3,0,1.0,67
1,4,0,5.0,270
0,3,0,7.0,75
0,1,0,6.0,53
2,4,0,17.0,257
1,4,0,0.0,261
0,0,0,3.0,253
0,0,0,0.0,236
2,9,0,7.0,234
0,1,0,2.0,75
0,8,0,3.0,67
0,5,0,19.0,67
0,3,0,4.0,75
0,8,0,3.0,55
0,9,0,2.0,270
0,3,0,2.0,55
0,8,0,7.0,75
0,5,0,15.0,55
0,5,0,7.0,67
0,9,0,12.0,210
0,4,0,17.0,270
0,7,0,20.0,67
0,8,0,11.0,53
0,0,0,11.0,256
1,0,0,7.0,272
0,7,0,14.0,75
1,0,0,4.0,233
2,9,0,20.0,270
0,3,0,4.0,75
0,3,0,2.0,55
1,9,0,5.0,272
2,2,0,10.0,242
0,2,0,4.0,270
1,2,0,27.0,252
0,9,0,3.0,257
0,6,0,3.0,261
1,2,0,12.0,248
1,6,0,5.0,248
0,5,0,5.0,67
2,9,0,21.0,270
0,7,0,2.0,75
0,5,0,14.0,53
0,5,0,10.0,53
0,3,0,3.0,67
0,3,0,16.0,67
0,1,0,2.0,55
2,9,0,3.0,234
0,7,0,5.0,53
2,9,0,2.0,256
1,0,0,9.0,210
2,9,0,16.0,210
1,9,0,19.0,270
0,8,0,2.0,75
0,3,0,5.0,53
0,8,0,1.0,67
2,2,0,26.0,248
0,7,0,7.0,53
1,0,0,11.0,244
0,1,0,2.0,67
2,9,0,14.0,256
0,3,0,0.0,53
0,5,0,18.0,67
0,8,0,6.0,75
0,7,0,20.0,67
0,7,0,0.0,67
0,1,0,7.0,53
2,6,0,0.0,261
0,7,0,2.0,67
1,4,0,4.0,242
0,3,0,2.0,55
0,8,0,2.0,55
0,0,0,4.0,249
0,8,0,3.0,75
2,2,0,3.0,248
0,5,0,2.0,75
0,9,0,3.0,261
0,5,0,14.0,75
1,0,0,3.0,236
2,6,0,4.0,242
0,7,0,18.0,55
0,5,0,15.0,75
0,8,0,1.0,55
0,7,0,27.0,67
0,3,0,7.0,53
2,4,0,6.0,244
0,3,0,5.0,67
0,3,0,22.0,75
2,6,0,2.0,257
0,7,0,23.0,67
0,8,0,6.0,75
0,9,0,8.0,270
0,3,0,29.0,75
0,5,0,2.0,53
0,3,0,42.0,67
0,9,0,2.0,261
0,3,0,13.0,67
0,7,0,4.0,55
0,7,0,12.0,55
0,8,0,12.0,75
2,6,0,26.0,261
2,9,0,3.0,270
2,9,0,5.0,257
0,1,0,8.0,75
0,5,0,13.0,67
0,5,0,13.0,75
0,8,0,36.0,67
0,9,0,6.0,244
0,3,0,3.0,67
0,5,0,3.0,75
0,7,0,2.0,75
1,6,0,4.0,257
0,4,0,8.0,258
0,8,0,2.0,55
0,3,0,3.0,53
0,1,0,3.0,67
0,8,0,13.0,75
0,8,0,6.0,53
2,6,0,15.0,253
0,1,0,5.0,55
0,5,0,4.0,55
0,4,0,4.0,257
0,3,0,7.0,75
0,8,0,7.0,53
2,9,0,2.0,210
0,7,0,11.0,55
0,5,0,2.0,55
0,3,0,9.0,75
1,9,0,7.0,253
2,9,0,5.0,248
0,0,0,8.0,248
0,1,0,34.0,55
1,6,0,4.0,270
0,9,0,4.0,236
0,5,0,21.0,53
0,8,0,8.0,55
0,7,0,6.0,67
0,7,0,3.0,75
0,8,0,3.0,75
0,9,0,6.0,248
0,1,0,1.0,55
0,3,0,8.0,67
0,8,0,5.0,55
1,0,0,3.0,272
0,6,0,1.0,272
0,2,0,19.0,210
1,2,0,0.0,256
0,3,0,18.0,67
0,5,0,2.0,53
0,7,0,11.0,75
0,1,0,11.0,75
0,5,0,6.0,53
0,7,0,6.0,53
1,6,0,11.0,261
0,5,0,0.0,75
2,6,0,3.0,253
0,0,0,31.0,252
2,6,0,15.0,248
0,1,0,5.0,67
0,3,0,7.0,75
0,5,0,2.0,53
0,7,0,14.0,67
0,2,0,5.0,249
0,1,0,4.0,75
0,5,0,2.0,75
1,6,0,2.0,249
1,4,0,1.0,244
0,1,0,7.0,75
0,1,0,2.0,75
0,3,0,5.0,53
0,8,0,14.0,67
0,7,0,4.0,55
0,8,0,2.0,55
0,5,0,4.0,75
0,6,0,14.0,257
0,6,0,1.0,253
0,9,0,2.0,234
0,0,0,8.0,253
0,2,0,1.0,236
1,6,0,8.0,234
1,0,0,10.0,258
0,2,0,9.0,248
0,3,0,11.0,67
0,5,0,12.0,67
0,1,0,1.0,75
0,5,0,2.0,53
1,6,0,8.0,233
0,1,0,1.0,67
0,7,0,16.0,53
0,5,0,3.0,75
0,1,0,2.0,75
2,6,0,21.0,272
0,7,0,2.0,67
0,1,0,3.0,53
0,8,0,5.0,55
0,9,0,3.0,242
0,1,0,28.0,53
0,7,0,4.0,67
0,1,0,7.0,75
1,9,0,2.0,234
0,2,0,0.0,272
0,8,0,9.0,55
0,8,0,3.0,67
0,1,0,7.0,75
0,3,0,1.0,67
1,4,0,11.0,256
0,7,0,1.0,53
0,1,0,0.0,55
0,8,0,16.0,75
2,6,0,11.0,257
2,2,0,32.0,236
0,1,0,16.0,75
0,3,0,14.0,75
0,1,0,3.0,75
0,7,0,5.0,55
1,9,0,7.0,257
0,7,0,7.0,75
2,4,0,12.0,270
0,6,0,4.0,248
0,5,0,31.0,53
0,7,0,0.0,75
1,6,0,12.0,233
2,4,0,6.0,233
0,5,0,6.0,75
0,7,0,2.0,55
0,1,0,4.0,55
0,1,0,3.0,53
2,4,0,2.0,272
0,3,0,8.0,67
0,7,0,9.0,75
0,5,0,8.0,53
0,0,0,6.0,210
0,5,0,4.0,67
1,0,0,5.0,257
0,6,0,11.0,257
0,5,0,1.0,67
2,2,0,9.0,261
0,1,0,7.0,55
0,8,0,23.0,55
2,4,0,2.0,248
1,4,0,6.0,252
0,7,0,5.0,53
0,7,0,4.0,75
0,8,0,5.0,75
1,6,0,2.0,270
0,5,0,27.0,53
0,8,0,4.0,75
0,6,0,13.0,248
0,1,0,5.0,55
0,8,0,16.0,75
2,6,0,2.0,272
0,8,0,3.0,67
0,6,1,37.0,253
1,4,1,7.0,249
0,6,1,24.0,253
2,9,1,11.0,252
0,2,1,23.0,248
0,0,1,8.0,257
2,4,1,49.0,236
2,2,1,15.0,256
0,2,1,8.0,272
2,4,1,8.0,236
0,2,1,6.0,234
2,9,1,5.0,234
2,0,1,8.0,210
2,9,1,13.0,236
0,4,1,17.0,270
2,6,1,21.0,257
0,2,1,15.0,210
2,4,1,2.0,257
0,9,1,0.0,248
2,2,1,0.0,257
2,2,1,2.0,270
0,4,1,17.0,210
0,4,1,5.0,234
1,9,1,78.0,248
0,0,1,10.0,248
2,9,1,34.0,257
0,9,1,46.0,252
1,9,1,11.0,270
0,9,1,36.0,257
1,2,1,18.0,236
1,6,1,1.0,256
2,9,1,23.0,257
2,2,1,14.0,261
1,2,1,6.0,261
0,4,1,5.0,258
2,2,1,28.0,256
0,9,1,8.0,253
2,6,1,18.0,233
0,0,1,12.0,257
0,0,1,14.0,253
1,6,1,28.0,249
1,6,1,78.0,233
1,9,1,36.0,252
2,2,1,8.0,248
0,0,1,24.0,210
1,9,1,9.0,248
2,4,1,7.0,261
0,4,1,45.0,270
2,0,1,58.0,233
2,2,1,21.0,257
0,2,1,65.0,253
0,4,1,31.0,270
2,9,1,18.0,248
1,6,1,19.0,249
1,0,1,19.0,242
2,2,1,47.0,248
2,9,1,5.0,270
2,0,1,23.0,258
0,6,1,8.0,270
2,0,1,0.0,233
0,0,1,5.0,210
0,2,1,10.0,258
2,0,1,4.0,244
1,0,1,5.0,248
0,9,1,27.0,236
1,0,1,2.0,236
2,4,1,18.0,257
1,2,1,18.0,257
0,4,1,16.0,261
2,9,1,6.0,248
1,6,1,19.0,257
2,2,1,17.0,257
0,4,1,2.0,258
0,6,1,11.0,258
1,9,1,6.0,261
2,0,1,41.0,233
1,6,1,8.0,257
1,2,1,23.0,272
1,6,1,2.0,257
2,2,1,36.0,234
2,0,1,12.0,210
0,6,1,36.0,270
1,2,1,7.0,253
0,9,1,6.0,270
0,0,1,8.0,258
2,0,1,23.0,253
2,4,1,51.0,256
2,0,1,6.0,256
2,4,1,1.0,252
1,9,1,28.0,244
1,9,1,6.0,236
0,0,1,14.0,210
1,2,1,3.0,248
0,9,1,3.0,270
1,2,1,7.0,256
1,2,1,11.0,248
2,9,1,5.0,252
0,6,1,26.0,261
1,0,1,6.0,272
2,9,1,36.0,210
1,9,1,29.0,261
2,4,1,52.0,248
0,0,1,2.0,252
1,6,1,3.0,261
1,0,1,19.0,253
1,0,1,2.0,252
2,9,1,5.0,257
1,0,1,4.0,270
2,0,1,6.0,249
0,4,1,4.0,270
0,9,1,3.0,234
0,0,1,3.0,272
0,0,1,2.0,248
2,9,1,26.0,234
2,6,1,5.0,253
1,6,1,7.0,249
1,2,1,14.0,234
2,4,1,17.0,257
2,4,1,20.0,261
0,0,1,17.0,270
2,9,1,14.0,258
1,6,1,22.0,248
1,6,1,5.0,257
0,2,1,30.0,270
2,4,1,39.0,248
2,2,1,30.0,242
1,4,1,1.0,252
1,0,1,3.0,256
1,2,1,0.0,270
0,6,1,2.0,210
2,9,1,12.0,236
0,6,1,3.0,261
1,9,1,1.0,234
1,6,1,16.0,248
2,0,1,1.0,210
2,2,1,9.0,252
0,9,1,19.0,257
0,9,1,39.0,272
1,4,1,5.0,272
1,0,1,5.0,270
0,9,1,15.0,248
1,6,1,40.0,253
0,2,1,35.0,248
0,6,1,9.0,261
0,6,1,13.0,234
2,4,1,14.0,249
1,2,1,8.0,248
1,9,1,0.0,234
0,6,1,5.0,252
0,6,1,1.0,234
1,6,1,19.0,210
2,6,1,3.0,248
1,6,1,19.0,236
1,9,1,39.0,256
0,0,1,8.0,258
1,6,1,72.0,257
2,9,1,32.0,257
1,6,1,4.0,257
2,4,1,28.0,253
1,0,1,28.0,257
1,9,1,11.0,270
0,9,1,17.0,272
2,6,1,11.0,261
0,4,1,25.0,272
1,4,1,23.0,272
2,9,1,17.0,249
1,9,1,49.0,270
1,4,1,0.0,210
2,0,1,21.0,249
2,0,1,1.0,234
2,4,1,17.0,252
2,0,1,55.0,253
2,0,1,20.0,257
0,9,1,11.0,234
0,4,1,17.0,261
0,6,1,10.0,257
0,0,1,36.0,234
1,9,1,14.0,258
0,4,1,8.0,258
1,4,1,27.0,233
2,0,1,30.0,257
2,0,1,5.0,248
2,2,1,27.0,253
2,6,1,15.0,249
1,9,1,5.0,270
0,2,1,1.0,248
1,9,1,91.0,261
1,9,1,0.0,258
0,9,1,5.0,270
0,6,1,7.0,242
2,4,1,8.0,258
0,0,1,30.0,257
0,2,1,3.0,242
1,6,1,2.0,236
0,4,1,2.0,234
1,4,1,5.0,252
0,2,1,45.0,257
0,2,1,1.0,236
0,0,1,19.0,270
1,2,1,6.0,272
0,2,1,0.0,248
1,6,1,8.0,244
2,4,1,10.0,252
0,2,1,7.0,210
2,2,1,10.0,249
0,0,1,45.0,253
1,6,1,9.0,257
0,0,1,44.0,272
2,9,1,6.0,236
1,6,1,10.0,236
0,0,1,22.0,234
2,2,1,8.0,236
1,6,1,4.0,257
2,6,1,6.0,257
0,6,2,90.0,261
1,0,2,17.0,256
1,0,2,4.0,270
2,0,2,37.0,270
1,4,2,36.0,253
2,9,2,17.0,258
0,0,2,79.0,272
0,6,2,1.0,272
0,2,2,30.0,261
0,6,2,50.0,233
0,4,2,47.0,257
0,6,2,25.0,236
0,0,2,64.0,210
2,9,2,15.0,253
1,4,2,30.0,272
2,2,2,50.0,234
0,9,2,16.0,257
1,6,2,22.0,248
0,0,2,6.0,257
0,0,2,30.0,252
1,6,2,38.0,272
1,2,2,1.0,236
2,0,2,38.0,210
1,9,2,10.0,248
0,9,2,4.0,257
2,6,2,24.0,236
0,0,2,13.0,270
2,9,2,6.0,256
0,4,2,12.0,233
1,4,2,36.0,210
2,4,2,1.0,236
2,0,2,9.0,233
0,6,2,17.0,270
2,0,2,11.0,242
2,6,2,79.0,272
2,6,2,17.0,248
0,4,2,16.0,272
2,4,2,9.0,270
2,9,2,78.0,257
2,2,2,10.0,257
1,0,2,11.0,234
0,4,2,6.0,249
0,9,2,14.0,252
1,4,2,22.0,248
0,2,2,2.0,270
2,0,2,32.0,258
0,2,2,13.0,257
1,2,2,3.0,242
1,2,2,30.0,270
0,0,2,7.0,253
1,4,2,4.0,272
2,0,2,1.0,234
2,0,2,8.0,233
2,6,2,2.0,242
2,6,2,24.0,257
1,9,2,19.0,210
1,2,2,13.0,252
2,0,2,0.0,256
0,4,2,26.0,256
2,9,2,64.0,258
2,4,2,60.0,236
2,0,2,39.0,272
2,6,2,6.0,261
0,0,2,7.0,210
1,0,2,16.0,252
1,9,2,10.0,210
0,2,2,16.0,261
0,4,2,54.0,270
1,0,2,4.0,261
0,4,2,16.0,234
1,6,2,5.0,261
2,9,2,11.0,252
1,9,2,15.0,261
1,0,2,1.0,270
2,0,2,7.0,244
0,4,2,10.0,236
1,4,2,5.0,253
2,2,2,7.0,272
1,9,2,5.0,256
2,2,2,20.0,234
2,0,2,20.0,257
2,2,2,6.0,256
2,0,2,11.0,249
0,2,2,90.0,261
0,4,2,46.0,270
1,0,2,67.0,270
2,0,2,2.0,270
1,6,2,24.0,256
0,0,2,3.0,272
2,0,2,88.0,272
1,4,2,14.0,253
0,6,2,2.0,256
0,4,2,2.0,210
0,9,2,40.0,258
2,0,2,6.0,261
1,9,2,8.0,258
1,0,2,4.0,252
1,4,2,2.0,270
1,0,2,6.0,270
2,9,2,41.0,248
1,6,2,15.0,242
2,4,2,92.0,272
0,6,2,44.0,249
0,2,2,27.0,242
0,9,2,42.0,252
1,4,2,9.0,258
1,9,2,2.0,253
0,6,2,55.0,257
1,2,2,12.0,210
2,2,2,9.0,261
2,9,2,26.0,242
2,2,2,28.0,257
0,2,2,13.0,248
0,9,2,0.0,256
2,4,2,14.0,252
2,4,2,1.0,242
2,0,2,20.0,242
1,0,2,83.0,252
2,0,2,7.0,256
2,4,2,2.0,233
1,4,2,1.0,233
2,6,2,7.0,249
2,2,2,4.0,248
0,4,2,116.0,242
1,9,2,26.0,272
2,0,2,28.0,248
1,9,2,12.0,236
1,6,2,0.0,236
1,4,2,10.0,270
0,9,2,11.0,234
0,0,2,5.0,261
1,0,2,32.0,233
1,6,2,9.0,272
0,2,2,6.0,210
2,0,2,10.0,272
0,4,2,5.0,252
0,2,2,20.0,258
1,6,2,12.0,270
2,9,2,47.0,256
1,6,2,0.0,257
1,9,2,17.0,236
0,2,2,34.0,270
0,2,2,5.0,261
1,0,2,28.0,270
2,9,2,20.0,272
0,0,2,1.0,248
1,9,2,19.0,248
0,2,2,0.0,261
0,0,2,6.0,249
2,0,2,4.0,252
2,0,2,13.0,242
0,2,2,12.0,270
2,6,2,1.0,252
0,2,2,49.0,233
0,2,2,10.0,248
2,0,2,28.0,244
0,4,2,10.0,256
1,4,2,3.0,272
2,4,2,2.0,261
2,6,2,20.0,248
1,4,2,14.0,242
0,2,2,24.0,244
1,2,2,43.0,270
0,9,2,5.0,248
1,2,2,14.0,233
2,9,2,9.0,270
1,9,2,48.0,261
2,9,2,0.0,256
0,6,2,15.0,234
2,2,2,18.0,261
2,9,2,26.0,234
2,4,2,13.0,252
2,0,2,36.0,253
1,0,2,48.0,242
2,0,3,9.0,236
2,9,3,1.0,242
1,9,3,11.0,236
0,4,3,5.0,234
2,0,3,9.0,234
2,6,3,9.0,257
2,2,3,15.0,244
2,9,3,3.0,272
1,9,3,8.0,261
1,4,3,11.0,272
1,0,3,0.0,233
0,4,3,16.0,233
1,4,3,1.0,272
0,6,3,20.0,244
2,2,3,1.0,257
2,6,3,5.0,249
2,6,3,2.0,261
2,9,3,10.0,270
0,6,3,8.0,270
0,0,3,6.0,257
2,0,3,14.0,270
1,0,3,25.0,233
0,2,3,21.0,257
1,9,3,2.0,252
2,2,3,13.0,257
1,6,3,28.0,244
0,9,3,7.0,242
1,4,3,9.0,270
0,4,3,7.0,258
1,9,3,27.0,210
1,4,3,1.0,257
0,2,3,4.0,244
1,9,3,17.0,270
0,2,3,5.0,252
0,0,3,5.0,272
1,0,3,2.0,261
0,6,3,3.0,261
2,4,3,38.0,257
1,4,3,40.0,248
0,0,3,22.0,257
1,2,3,14.0,248
1,4,3,1.0,272
2,4,3,7.0,270
0,2,3,17.0,210
0,4,3,12.0,234
2,2,3,3.0,258
0,2,3,10.0,248
1,4,3,3.0,249
0,2,3,30.0,210
2,4,3,4.0,236
1,9,3,28.0,270
2,6,3,20.0,258
0,2,3,70.0,258
0,0,3,55.0,258
0,6,3,30.0,249
1,4,3,2.0,257
2,6,3,3.0,210
1,6,3,51.0,257
0,2,3,34.0,253
2,0,3,21.0,257
0,6,3,35.0,253
1,4,3,12.0,242
2,6,3,30.0,210
2,6,3,13.0,249
1,4,3,9.0,249
0,9,3,60.0,261
0,2,3,11.0,234
2,2,3,2.0,256
1,2,3,9.0,249
2,9,3,17.0,272
2,6,3,2.0,270
1,0,3,3.0,249
1,0,3,15.0,270
2,0,3,3.0,257
1,2,3,1.0,261
1,2,3,45.0,272
1,0,3,24.0,248
0,4,3,11.0,210
0,6,3,5.0,234
2,4,3,4.0,257
1,9,3,19.0,257
0,0,3,37.0,270
1,6,3,6.0,252
1,0,3,6.0,253
2,6,3,13.0,257
0,0,3,6.0,258
1,0,3,4.0,270
2,9,3,5.0,272
0,9,3,64.0,270
0,4,3,79.0,256
2,9,3,5.0,248
1,0,3,18.0,272
1,9,3,3.0,257
1,6,3,13.0,258
2,4,3,18.0,252
2,0,3,79.0,210
2,2,3,81.0,272
0,6,3,1.0,256
0,4,3,2.0,256
2,6,3,45.0,257
0,9,3,36.0,249
1,4,3,3.0,270
2,2,3,19.0,248
0,2,3,39.0,257
0,0,3,19.0,236
2,2,3,10.0,248
0,9,3,27.0,261
2,6,3,56.0,257
1,2,3,40.0,270
1,9,3,10.0,261
1,4,3,1.0,270
2,4,3,7.0,261
2,0,3,22.0,242
1,2,3,20.0,270
0,2,3,4.0,210
2,9,3,27.0,234
2,2,3,6.0,272
2,2,3,35.0,248
1,4,3,90.0,236
0,9,3,38.0,242
0,9,3,83.0,248
1,6,3,27.0,248
0,2,3,8.0,210
0,6,3,19.0,248
1,9,3,24.0,253
0,2,3,4.0,236
2,6,3,27.0,248
2,4,3,31.0,233
2,6,3,12.0,242
0,6,3,28.0,236
1,4,3,2.0,248
0,0,3,30.0,234
1,6,3,10.0,244
1,2,3,31.0,270
0,9,3,24.0,242
0,0,3,14.0,248
0,0,3,10.0,249
0,4,3,6.0,270
1,9,3,34.0,258
0,2,3,6.0,242
1,0,3,9.0,236
1,6,3,14.0,256
0,2,3,7.0,244
0,4,3,5.0,258
0,9,3,9.0,236
1,6,3,0.0,253
2,9,3,7.0,257
0,4,3,3.0,257
0,6,3,30.0,253
1,4,3,15.0,261
1,0,3,54.0,252
0,2,3,24.0,236
0,0,3,3.0,249
1,0,3,24.0,233
0,4,3,8.0,233
0,6,3,5.0,252
2,6,3,2.0,248
1,2,3,3.0,236
1,0,3,15.0,248
2,6,3,6.0,270
0,4,3,5.0,248
2,2,3,59.0,236
0,9,3,2.0,257
0,6,3,40.0,272
2,0,3,34.0,252
2,2,3,39.0,233
0,6,3,5.0,253
2,2,3,49.0,256
2,4,3,39.0,234
2,9,3,19.0,248
0,6,3,15.0,258
1,0,3,3.0,270
1,2,3,1.0,258
1,2,3,48.0,234
2,4,3,15.0,270
1,2,3,8.0,236
1,2,3,5.0,261
2,9,3,0.0,270
0,2,3,16.0,272
1,6,3,28.0,234
1,2,3,1.0,248
2,0,3,49.0,248
2,9,3,4.0,270
2,6,3,5.0,234
1,4,3,7.0,249
1,4,3,19.0,210
2,4,3,6.0,257
2,6,3,3.0,261
2,6,3,15.0,244
0,4,3,32.0,249
0,6,3,24.0,252
2,2,3,32.0,242
0,2,3,44.0,253
0,6,3,6.0,253
2,9,3,6.0,252
1,9,3,6.0,210
1,4,3,4.0,233
2,6,3,28.0,253
0,9,3,9.0,270
2,2,3,3.0,233
1,2,3,4.0,233
2,0,3,12.0,257
0,2,4,7.0,234
2,6,4,24.0,257
0,2,4,49.0,248
0,6,4,1.0,248
1,4,4,40.0,244
0,4,4,4.0,233
1,6,4,47.0,244
1,9,4,17.0,248
0,4,4,13.0,261
1,4,4,6.0,248
1,9,4,8.0,248
1,6,4,1.0,253
1,0,4,7.0,233
0,0,4,3.0,242
2,0,4,17.0,248
2,9,4,41.0,233
2,4,4,49.0,257
0,4,4,21.0,257
0,2,4,11.0,233
2,0,4,81.0,234
2,9,4,18.0,256
1,6,4,1.0,210
1,4,4,9.0,242
1,4,4,29.0,257
2,0,4,38.0,248
1,2,4,7.0,248
1,4,4,10.0,258
1,6,4,20.0,252
1,9,4,0.0,248
0,2,4,23.0,244
0,2,4,4.0,248
2,9,4,3.0,242
2,2,4,19.0,253
1,2,4,4.0,244
0,6,4,5.0,270
0,4,4,5.0,257
0,2,4,7.0,234
2,2,4,15.0,253
2,4,4,81.0,258
0,4,4,4.0,257
2,2,4,19.0,244
1,9,4,20.0,249
0,2,4,2.0,248
1,0,4,3.0,258
1,9,4,4.0,248
2,9,4,3.0,236
2,4,4,13.0,248
0,2,4,11.0,257
1,6,4,42.0,253
2,2,4,4.0,261
0,4,4,5.0,270
1,9,4,23.0,248
1,4,4,1.0,242
2,0,4,32.0,257
2,4,4,2.0,257
1,2,4,1.0,257
0,0,4,8.0,210
0,4,4,30.0,270
1,4,4,8.0,244
2,2,4,46.0,270
1,4,4,9.0,272
2,4,4,19.0,249
0,6,4,2.0,270
0,4,4,24.0,270
1,2,4,43.0,256
1,2,4,16.0,270
0,4,4,75.0,234
0,4,4,11.0,249
0,4,4,3.0,257
2,9,4,22.0,248
2,9,4,38.0,234
0,6,4,14.0,248
1,0,4,16.0,248
2,4,4,8.0,257
2,6,4,18.0,270
0,6,4,22.0,257
2,9,4,5.0,249
1,9,4,24.0,258
1,4,4,10.0,233
2,4,4,7.0,270
0,0,4,6.0,253
2,4,4,14.0,270
2,6,4,16.0,253
1,2,4,13.0,270
0,2,4,9.0,272
0,6,4,2.0,248
1,9,4,3.0,242
2,0,4,21.0,270
0,0,4,1.0,248
2,4,4,15.0,270
0,0,4,11.0,253
1,2,4,2.0,248
1,4,4,3.0,270
1,4,4,1.0,258
2,6,4,8.0,252
2,4,4,35.0,258
1,2,4,21.0,270
2,2,4,10.0,236
2,9,4,6.0,210
2,2,4,56.0,252
1,4,4,15.0,261
1,6,4,6.0,270
2,0,4,3.0,244
2,9,4,5.0,270
2,9,4,22.0,248
2,0,4,6.0,252
2,9,4,31.0,270
2,0,4,3.0,252
2,4,4,10.0,248
2,4,4,22.0,253
0,2,4,1.0,253
1,4,4,10.0,272
2,6,4,6.0,257
2,2,4,8.0,261
1,4,4,21.0,272
1,0,4,13.0,256
2,4,4,69.0,252
2,4,4,5.0,257
1,4,4,11.0,234
0,6,4,11.0,257
1,0,4,1.0,242
2,6,4,4.0,261
2,0,4,1.0,233
0,2,4,23.0,252
0,9,4,23.0,252
0,0,4,17.0,249
2,0,4,9.0,257
0,0,4,63.0,252
1,2,4,15.0,236
0,9,4,12.0,270
1,6,4,24.0,261
2,9,4,9.0,249
2,0,4,2.0,253
1,4,4,4.0,234
1,6,4,1.0,234
2,4,4,9.0,249
0,0,4,4.0,272
2,2,4,105.0,253
1,4,4,20.0,257
1,0,4,0.0,242
1,6,4,33.0,258
1,0,4,39.0,257
2,6,4,4.0,261
0,9,4,46.0,234
0,0,4,22.0,233
1,0,4,0.0,258
0,2,4,43.0,270
1,0,4,29.0,258
0,6,4,2.0,261
2,2,4,31.0,244
0,0,4,31.0,256
0,6,4,1.0,249
0,4,4,38.0,258
1,2,4,7.0,248
0,9,4,16.0,256
1,4,4,22.0,257
2,0,4,18.0,270
2,6,4,14.0,257
0,9,4,3.0,244
0,6,4,35.0,248
1,6,4,15.0,249
1,6,4,1.0,258
2,0,4,6.0,236
0,2,4,7.0,210
0,4,4,8.0,249
1,0,4,43.0,233
1,6,4,27.0,249
1,0,4,21.0,233
2,9,4,16.0,272
2,6,4,2.0,257
1,9,4,11.0,252
0,2,4,16.0,249
2,6,4,5.0,242
0,4,4,56.0,236
2,2,4,10.0,261
0,9,4,12.0,249
2,9,4,10.0,252
2,9,4,3.0,261
0,0,4,3.0,242
0,0,4,4.0,234
2,6,4,30.0,242
2,2,4,5.0,248
0,2,4,19.0,236
0,0,4,13.0,253
1,0,4,21.0,257
2,6,4,14.0,257
0,9,4,4.0,258
2,0,4,0.0,242
2,4,4,8.0,270
1,6,4,3.0,248
2,6,4,2.0,249
0,0,4,15.0,233
2,0,4,21.0,236
2,4,4,7.0,257
2,9,4,43.0,256
1,2,4,9.0,248
2,6,4,7.0,252
0,6,4,2.0,233
0,0,4,9.0,236
2,0,4,3.0,234
1,6,4,7.0,210
2,4,4,24.0,248
2,6,4,46.0,233
0,2,4,4.0,244
2,4,4,49.0,233
2,6,4,13.0,248
0,9,4,8.0,253
2,2,4,6.0,244
0,9,4,8.0,248
2,0,4,49.0,256
2,6,4,36.0,270
2,4,4,29.0,272
0,4,4,46.0,252
2,0,4,34.0,270
2,4,4,10.0,272
2,9,5,3.0,270
1,4,5,4.0,256
1,2,5,14.0,244
1,2,5,6.0,270
1,4,5,11.0,249
1,2,5,10.0,248
0,4,5,2.0,257
1,9,5,10.0,252
1,4,5,1.0,270
0,4,5,12.0,258
0,0,5,28.0,270
0,6,5,41.0,242
2,0,5,2.0,257
0,6,5,26.0,252
0,4,5,24.0,248
1,9,5,11.0,248
2,2,5,12.0,242
0,6,5,28.0,270
2,4,5,7.0,253
1,9,5,38.0,258
0,2,5,6.0,261
0,4,5,39.0,244
1,9,5,10.0,270
0,4,5,2.0,244
0,6,5,6.0,270
0,6,5,14.0,236
0,9,5,14.0,248
2,2,5,5.0,210
1,4,5,5.0,256
1,0,5,58.0,242
1,6,5,19.0,248
2,4,5,72.0,249
2,4,5,21.0,233
2,6,5,11.0,249
0,9,5,5.0,234
1,4,5,3.0,210
2,6,5,8.0,272
1,9,5,5.0,234
1,4,5,0.0,248
0,9,5,5.0,233
0,9,5,35.0,257
1,9,5,60.0,261
2,9,5,3.0,244
2,6,5,7.0,253
2,4,5,5.0,270
2,0,5,6.0,248
0,9,5,3.0,252
2,2,5,12.0,270
0,9,5,64.0,256
2,0,5,1.0,258
0,2,5,66.0,257
1,9,5,11.0,270
0,2,5,24.0,257
0,2,5,2.0,248
0,9,5,5.0,258
0,6,5,5.0,253
0,4,5,15.0,270
1,6,5,5.0,272
2,4,5,3.0,242
1,2,5,4.0,270
1,2,5,51.0,270
0,4,5,52.0,248
2,2,5,21.0,256
1,0,5,3.0,248
0,0,5,47.0,256
2,2,5,7.0,248
0,4,5,4.0,270
1,0,5,10.0,210
2,2,5,28.0,252
0,6,5,8.0,248
0,2,5,6.0,256
1,2,5,24.0,249
2,6,5,6.0,248
1,4,5,2.0,242
1,6,5,12.0,272
2,9,5,40.0,270
1,2,5,74.0,252
0,9,5,16.0,233
0,9,5,18.0,270
2,4,5,9.0,252
1,9,5,13.0,257
2,2,5,10.0,270
1,9,5,8.0,256
0,9,5,1.0,249
1,2,5,19.0,270
0,0,5,4.0,253
2,4,5,18.0,261
0,9,5,3.0,256
0,6,5,37.0,270
0,9,5,2.0,248
0,2,5,37.0,236
0,9,5,6.0,256
0,9,5,28.0,249
2,2,5,3.0,258
1,6,5,35.0,270
1,0,5,48.0,256
0,9,5,10.0,234
1,2,5,21.0,270
2,2,5,0.0,272
0,0,5,18.0,249
1,6,5,2.0,242
2,0,5,17.0,261
0,0,5,2.0,258
0,0,5,4.0,249
1,9,5,20.0,257
1,0,5,6.0,256
2,4,5,1.0,236
2,4,5,44.0,261
1,0,5,9.0,270
0,6,5,14.0,252
0,9,5,17.0,252
0,6,5,15.0,242
0,4,5,30.0,256
2,9,5,8.0,270
2,2,5,5.0,258
1,9,5,41.0,257
1,9,5,17.0,244
0,9,5,7.0,256
0,6,5,25.0,253
1,2,5,2.0,256
0,4,5,2.0,252
0,2,5,9.0,236
1,6,5,18.0,236
2,6,5,7.0,261
1,4,5,0.0,258
0,2,5,67.0,242
1,0,5,8.0,244
2,0,5,16.0,236
2,2,5,16.0,257
2,0,5,25.0,253
2,0,5,2.0,248
2,4,5,4.0,272
1,6,5,2.0,252
1,4,5,3.0,261
2,2,5,65.0,270
0,6,5,3.0,257
1,0,5,29.0,248
1,2,5,5.0,242
0,2,5,23.0,248
1,9,5,0.0,233
2,2,5,35.0,261
0,9,5,2.0,210
0,0,5,49.0,252
1,4,5,3.0,242
2,0,5,5.0,249
2,9,5,13.0,236
0,0,5,7.0,253
2,2,5,19.0,270
0,2,5,21.0,253
0,2,5,55.0,234
2,0,5,63.0,261
0,2,5,25.0,258
1,0,5,8.0,242
0,9,5,47.0,248
0,6,5,12.0,242
2,0,5,25.0,261
2,0,5,22.0,261
2,6,5,9.0,244
1,6,5,6.0,252
0,9,5,54.0,210
2,9,5,7.0,234
0,0,5,22.0,248
2,6,5,18.0,248
1,9,5,1.0,244
2,9,5,35.0,258
2,9,5,4.0,270
1,2,5,1.0,210
1,9,5,15.0,272
1,4,5,2.0,244
0,4,5,1.0,272
1,9,5,2.0,256
1,0,5,1.0,253
2,4,5,14.0,272
2,6,5,49.0,253
1,6,5,21.0,210
2,4,5,5.0,244
2,4,5,31.0,244
2,4,5,12.0,256
1,2,5,3.0,258
0,4,5,8.0,270
1,4,5,8.0,244
0,0,5,24.0,234
0,6,5,17.0,257
0,0,5,29.0,261
1,0,5,6.0,234
1,9,5,20.0,249
0,9,5,18.0,257
1,9,5,1.0,272
1,0,5,71.0,270
2,9,5,12.0,256
2,6,5,11.0,234
1,9,5,0.0,210
1,2,5,4.0,253
0,6,5,4.0,270
1,2,5,34.0,256
2,6,5,18.0,253
0,6,5,9.0,252
1,4,5,51.0,272
0,2,5,3.0,270
1,0,5,2.0,258
2,6,5,2.0,258
1,4,5,25.0,261
2,4,5,2.0,256
2,9,5,52.0,236
0,4,5,2.0,252
2,0,5,36.0,257
2,6,5,10.0,272
2,6,5,18.0,270
0,2,5,15.0,270
0,9,5,11.0,248
1,0,5,7.0,272
2,4,5,45.0,233
1,4,6,24.0,257
2,0,6,24.0,234
0,9,6,14.0,248
2,0,6,19.0,248
1,6,6,44.0,249
1,6,6,7.0,234
1,4,6,1.0,248
0,4,6,25.0,270
2,6,6,10.0,253
2,0,6,55.0,242
0,9,6,26.0,270
0,6,6,12.0,249
1,4,6,2.0,256
1,4,6,22.0,244
1,6,6,9.0,234
0,4,6,20.0,233
1,2,6,17.0,270
2,4,6,6.0,210
1,9,6,6.0,253
1,0,6,33.0,249
0,4,6,28.0,256
0,2,6,9.0,272
0,6,6,13.0,261
0,0,6,21.0,257
0,2,6,24.0,257
0,6,6,29.0,248
1,6,6,0.0,233
1,9,6,8.0,236
0,4,6,12.0,242
0,6,6,55.0,249
0,6,6,7.0,248
1,2,6,15.0,256
2,0,6,8.0,252
0,6,6,30.0,248
1,6,6,2.0,210
1,9,6,8.0,234
2,9,6,21.0,242
0,6,6,26.0,256
0,2,6,2.0,244
0,9,6,25.0,272
1,6,6,9.0,270
2,0,6,28.0,270
0,0,6,9.0,270
1,2,6,15.0,272
1,2,6,6.0,257
0,4,6,11.0,236
0,0,6,55.0,256
2,2,6,61.0,233
1,6,6,23.0,242
1,9,6,38.0,234
2,9,6,0.0,249
2,0,6,46.0,244
0,9,6,9.0,258
0,9,6,22.0,252
1,4,6,40.0,210
1,0,6,43.0,242
0,9,6,9.0,256
2,2,6,7.0,270
2,0,6,40.0,256
1,9,6,3.0,270
2,9,6,4.0,244
2,2,6,19.0,249
0,4,6,11.0,258
0,6,6,4.0,253
0,0,6,23.0,244
2,2,6,5.0,248
2,2,6,5.0,244
0,6,6,28.0,270
1,2,6,42.0,257
1,9,6,26.0,257
1,4,6,18.0,210
2,4,6,32.0,234
2,4,6,40.0,258
0,0,6,4.0,249
0,6,6,5.0,261
2,9,6,56.0,256
2,9,6,89.0,236
2,4,6,24.0,233
0,4,6,11.0,248
0,9,6,6.0,233
0,2,6,2.0,253
1,4,6,4.0,249
2,6,6,24.0,253
2,9,6,6.0,248
0,4,6,4.0,270
1,9,6,19.0,248
0,0,6,9.0,233
2,9,6,37.0,244
1,4,6,3.0,257
1,2,6,69.0,233
0,6,6,15.0,272
0,0,6,3.0,253
0,4,6,7.0,272
2,9,6,7.0,252
1,4,6,23.0,244
2,6,6,8.0,258
1,9,6,43.0,236
2,9,6,3.0,234
1,2,6,3.0,270
1,9,6,21.0,258
1,0,6,34.0,256
0,9,6,15.0,244
0,0,6,10.0,248
1,9,6,7.0,242
1,4,6,27.0,256
1,6,6,12.0,248
2,9,6,2.0,270
2,6,6,6.0,249
2,0,6,12.0,233
2,2,6,8.0,261
2,6,6,3.0,248
1,2,6,1.0,236
0,9,6,9.0,242
0,6,6,19.0,248
2,4,6,37.0,248
0,6,6,22.0,258
0,2,6,13.0,257
0,4,6,17.0,257
2,2,6,3.0,242
1,0,6,9.0,233
0,6,6,12.0,253
0,6,6,27.0,236
2,2,6,96.0,236
1,4,6,15.0,210
0,0,6,29.0,248
1,6,6,25.0,248
2,9,6,30.0,257
0,0,6,11.0,253
0,0,6,32.0,244
2,2,6,28.0,257
1,6,6,7.0,242
2,4,6,2.0,248
0,0,6,9.0,248
1,6,6,0.0,244
1,4,6,41.0,210
0,9,6,0.0,253
1,2,6,15.0,261
1,4,6,16.0,270
1,6,6,22.0,242
1,2,6,6.0,234
2,9,6,18.0,252
0,6,6,17.0,248
1,4,6,9.0,270
1,0,6,51.0,257
1,9,6,22.0,256
2,2,6,7.0,244
1,6,6,24.0,249
2,0,6,16.0,249
1,6,6,18.0,256
0,4,6,25.0,257
1,4,6,4.0,236
2,4,6,19.0,252
1,4,6,17.0,261
1,9,6,37.0,236
2,0,6,54.0,252
1,0,6,37.0,272
0,4,6,10.0,253
1,9,6,13.0,270
1,2,6,11.0,270
1,9,6,1.0,256
1,6,6,4.0,270
0,2,6,25.0,244
1,2,6,5.0,256
1,4,6,3.0,270
0,0,6,14.0,233
2,9,6,3.0,261
0,0,6,9.0,236
0,9,6,8.0,272
1,6,6,48.0,270
0,2,6,2.0,248
1,2,6,8.0,248
2,4,6,1.0,248
1,9,6,5.0,256
0,9,6,49.0,272
0,4,6,2.0,248
2,2,6,27.0,248
1,0,6,35.0,248
2,6,6,4.0,257
2,9,6,5.0,270
1,4,6,31.0,253
0,0,6,1.0,248
0,4,6,5.0,233
2,0,6,4.0,248
0,9,6,24.0,248
1,2,6,24.0,233
1,6,6,27.0,252
1,0,6,26.0,261
2,2,6,37.0,249
1,9,6,84.0,236
1,2,6,13.0,270
2,4,6,26.0,257
0,0,7,29.0,244
1,9,7,7.0,272
2,0,7,14.0,272
0,4,7,3.0,257
0,9,7,7.0,258
0,0,7,24.0,233
2,6,7,8.0,249
0,6,7,5.0,270
1,6,7,3.0,258
1,0,7,15.0,233
0,0,7,10.0,270
2,6,7,3.0,270
1,9,7,25.0,257
1,2,7,29.0,234
0,0,7,3.0,270
0,4,7,28.0,234
2,6,7,2.0,272
2,2,7,8.0,257
2,4,7,15.0,253
0,4,7,76.0,257
1,2,7,3.0,242
2,9,7,14.0,272
1,9,7,53.0,248
2,4,7,84.0,210
1,4,7,19.0,272
0,9,7,22.0,258
0,6,7,28.0,244
1,0,7,7.0,248
2,4,7,9.0,272
2,6,7,12.0,244
2,9,7,28.0,253
1,9,7,71.0,270
0,4,7,45.0,252
1,6,7,26.0,257
1,2,7,68.0,253
1,0,7,40.0,258
0,0,7,6.0,257
0,4,7,21.0,244
2,2,7,37.0,248
1,9,7,1.0,233
1,6,7,12.0,249
0,0,7,32.0,258
1,6,7,26.0,234
0,2,7,3.0,257
0,6,7,4.0,257
1,4,7,2.0,210
2,9,7,29.0,234
0,4,7,5.0,261
0,6,7,11.0,249
2,6,7,0.0,258
0,2,7,6.0,248
2,2,7,69.0,252
0,4,7,0.0,248
0,9,7,6.0,210
2,2,7,21.0,256
0,4,7,9.0,210
0,4,7,30.0,249
0,4,7,5.0,242
2,6,7,63.0,257
1,4,7,4.0,270
0,2,7,3.0,248
0,0,7,25.0,270
0,9,7,11.0,270
1,0,7,13.0,252
0,4,7,21.0,242
1,2,7,25.0,249
2,4,7,11.0,248
2,4,7,14.0,256
1,9,7,9.0,253
0,6,7,35.0,252
2,4,7,3.0,234
0,2,7,12.0,252
2,2,7,61.0,244
2,0,7,7.0,270
2,0,7,11.0,244
0,6,7,14.0,236
0,2,7,16.0,258
2,6,7,13.0,270
2,6,7,7.0,258
2,0,7,17.0,261
1,9,7,12.0,248
1,9,7,10.0,236
2,2,7,7.0,270
1,9,7,22.0,272
2,4,7,13.0,270
0,4,7,57.0,248
2,6,7,34.0,242
0,2,7,2.0,270
0,9,7,23.0,257
0,6,7,11.0,256
2,6,7,22.0,270
1,0,7,33.0,272
1,0,7,10.0,210
1,6,7,42.0,270
1,2,7,39.0,270
2,2,7,1.0,257
2,0,7,7.0,258
0,4,7,22.0,252
0,0,7,19.0,261
0,4,7,29.0,248
0,6,7,42.0,248
1,0,7,5.0,234
2,0,7,7.0,248
0,2,7,161.0,244
0,9,7,5.0,248
0,0,7,23.0,248
0,2,7,3.0,272
0,6,7,17.0,244
2,6,7,10.0,234
2,6,7,18.0,210
0,6,7,16.0,249
1,9,7,7.0,253
0,9,7,10.0,272
0,9,7,17.0,272
2,2,7,35.0,252
2,2,7,29.0,244
0,9,7,20.0,234
1,2,7,0.0,261
2,9,7,1.0,256
0,2,7,1.0,256
1,2,7,14.0,248
2,9,7,2.0,253
0,2,7,30.0,256
1,0,7,11.0,256
1,0,7,1.0,261
2,0,7,42.0,248
2,0,7,12.0,236
2,6,7,48.0,210
1,0,7,3.0,252
0,4,7,45.0,258
0,2,7,12.0,261
1,9,7,35.0,270
1,9,7,27.0,244
2,6,7,30.0,261
0,4,7,6.0,270
1,9,7,44.0,272
2,4,7,16.0,270
2,6,7,34.0,253
0,0,7,61.0,270
1,9,7,39.0,257
2,6,7,33.0,261
1,9,7,1.0,210
2,0,7,41.0,248
2,9,7,47.0,248
2,4,7,13.0,270
2,4,7,1.0,270
0,6,7,0.0,272
2,6,7,2.0,270
0,2,7,8.0,270
0,9,7,51.0,242
2,0,7,17.0,248
2,2,7,18.0,272
2,9,7,7.0,256
0,4,7,11.0,248
1,0,7,13.0,256
0,0,7,17.0,248
2,2,7,66.0,244
2,2,7,12.0,252
0,6,7,22.0,261
1,6,7,4.0,244
2,6,7,38.0,210
1,2,7,16.0,236
2,6,7,12.0,210
1,6,7,5.0,257
2,0,7,27.0,249
2,6,7,6.0,210
0,2,7,21.0,270
2,2,7,16.0,272
2,4,7,7.0,257
0,2,7,37.0,236
2,6,7,9.0,248
1,9,7,10.0,210
2,4,7,10.0,242
2,6,7,23.0,270
0,2,7,1.0,210
1,4,7,5.0,236
2,0,7,6.0,270
0,6,7,7.0,249
1,9,7,21.0,248
2,0,8,36.0,242
1,2,8,3.0,258
1,9,8,11.0,236
0,6,8,33.0,270
1,6,8,3.0,248
2,9,8,17.0,257
2,6,8,10.0,253
2,9,8,10.0,248
2,6,8,2.0,248
2,6,8,1.0,234
2,9,8,3.0,270
1,2,8,1.0,242
1,0,8,53.0,252
2,6,8,6.0,253
1,0,8,5.0,249
1,6,8,18.0,256
1,6,8,17.0,233
0,0,8,29.0,248
2,6,8,7.0,234
0,2,8,12.0,242
2,0,8,10.0,261
2,4,8,4.0,234
1,9,8,12.0,256
2,4,8,26.0,249
2,9,8,18.0,272
2,6,8,4.0,244
0,0,8,20.0,270
1,6,8,37.0,233
1,4,8,31.0,270
0,6,8,81.0,270
1,4,8,11.0,234
2,0,8,44.0,210
1,9,8,30.0,236
1,2,8,33.0,258
2,4,8,9.0,234
0,0,8,1.0,248
0,0,8,8.0,236
0,9,8,7.0,272
2,2,8,25.0,270
0,2,8,2.0,249
2,4,8,34.0,248
2,2,8,17.0,257
0,4,8,2.0,257
2,6,8,25.0,257
2,4,8,7.0,257
0,9,8,18.0,257
0,2,8,24.0,252
1,6,8,3.0,210
2,2,8,0.0,270
0,6,8,5.0,257
0,0,8,2.0,261
2,6,8,27.0,258
2,6,8,17.0,242
0,6,8,6.0,257
2,4,8,5.0,270
2,2,8,48.0,258
2,6,8,14.0,257
0,4,8,0.0,256
2,4,8,38.0,210
2,0,8,7.0,244
0,2,8,39.0,242
1,9,8,42.0,272
1,4,8,5.0,234
2,6,8,57.0,256
0,2,8,10.0,236
0,2,8,6.0,252
0,9,8,9.0,236
2,6,8,20.0,257
2,6,8,22.0,248
0,9,8,1.0,252
2,6,8,4.0,261
0,6,8,32.0,256
0,6,8,33.0,242
2,6,8,30.0,258
0,9,8,2.0,248
1,4,8,34.0,253
0,2,8,45.0,270
0,4,8,9.0,248
2,2,8,23.0,257
2,2,8,24.0,244
1,6,8,5.0,244
2,9,8,78.0,236
0,9,8,48.0,234
1,0,8,21.0,270
1,0,8,18.0,261
1,9,8,27.0,253
0,0,8,9.0,234
1,6,8,10.0,233
1,0,8,43.0,249
0,4,8,7.0,236
0,9,8,8.0,234
0,4,8,3.0,261
0,0,8,2.0,233
1,2,8,13.0,272
1,9,8,6.0,270
2,0,8,2.0,256
1,9,8,21.0,257
0,9,8,2.0,257
2,0,8,0.0,270
1,9,8,48.0,210
2,4,8,39.0,258
2,6,8,17.0,261
2,0,8,4.0,233
2,6,8,2.0,249
0,4,8,77.0,248
1,9,8,11.0,233
0,0,8,15.0,249
2,9,8,10.0,272
0,4,8,13.0,270
0,9,8,3.0,252
2,0,8,3.0,257
0,2,8,3.0,249
0,4,8,31.0,252
2,2,8,3.0,256
0,2,8,3.0,248
2,2,8,6.0,233
2,0,8,55.0,261
2,9,8,4.0,249
0,6,8,42.0,257
1,0,8,10.0,253
1,0,8,15.0,261
1,0,8,12.0,270
1,6,8,3.0,270
1,4,8,14.0,257
0,2,8,2.0,257
1,4,8,15.0,256
0,9,8,26.0,272
1,9,8,31.0,261
1,6,8,0.0,253
1,2,8,21.0,270
0,9,8,37.0,244
0,9,8,72.0,256
0,6,8,17.0,252
1,2,8,55.0,270
1,9,8,18.0,256
2,0,8,22.0,261
0,9,8,36.0,261
0,4,8,25.0,248
0,2,8,0.0,233
1,9,8,1.0,244
0,6,8,9.0,256
1,0,8,16.0,234
2,4,8,0.0,270
2,0,8,10.0,242
1,2,8,3.0,210
2,4,8,16.0,244
0,6,8,6.0,234
0,9,8,82.0,234
0,4,8,2.0,270
1,4,8,2.0,249
2,2,8,40.0,270
0,2,8,5.0,244
0,6,8,7.0,233
1,6,8,26.0,236
0,0,8,20.0,272
2,2,8,13.0,210
2,0,8,15.0,257
0,4,8,3.0,257
0,2,8,57.0,253
1,9,8,53.0,253
1,9,8,7.0,244
1,4,8,8.0,210
2,6,8,5.0,248
1,2,8,14.0,236
1,9,8,5.0,248
2,0,8,11.0,257
1,0,8,6.0,249
0,2,8,15.0,248
1,2,8,0.0,258
2,6,8,4.0,248
2,6,8,11.0,270
2,6,8,28.0,270
2,4,8,1.0,234
0,6,8,17.0,234
1,9,8,3.0,272
1,9,8,17.0,242
2,0,8,30.0,257
1,0,8,11.0,270
0,6,8,11.0,248
0,0,8,21.0,242
0,0,8,37.0,257
1,9,8,37.0,257
2,4,8,18.0,233
1,4,8,25.0,252
1,6,8,2.0,261
2,4,8,3.0,261
1,9,8,6.0,270
1,2,8,14.0,272
1,0,8,6.0,233
0,2,8,0.0,252
2,0,8,24.0,253
1,6,8,12.0,270
0,4,8,53.0,244
1,4,8,25.0,253
0,6,8,2.0,256
1,0,8,10.0,270
2,4,8,4.0,244
0,4,8,18.0,210
0,6,8,19.0,270
2,6,8,4.0,270
2,9,8,57.0,258
0,2,9,75.0,257
0,6,9,5.0,249
1,9,9,14.0,210
0,4,9,32.0,252
2,0,9,11.0,257
1,4,9,47.0,244
0,0,9,20.0,234
2,0,9,26.0,252
2,4,9,5.0,257
1,0,9,10.0,270
2,9,9,6.0,252
1,2,9,11.0,248
2,2,9,23.0,252
1,4,9,23.0,257
0,9,9,2.0,244
1,4,9,32.0,270
2,6,9,10.0,272
1,9,9,3.0,252
0,6,9,6.0,261
0,0,9,9.0,270
2,2,9,12.0,234
2,4,9,19.0,253
1,6,9,2.0,210
0,6,9,10.0,249
1,6,9,6.0,242
0,9,9,2.0,248
2,9,9,11.0,233
0,4,9,16.0,270
0,2,9,15.0,244
1,2,9,7.0,261
1,6,9,3.0,236
0,9,9,31.0,270
1,4,9,23.0,257
0,6,9,11.0,258
1,4,9,30.0,261
0,0,9,7.0,210
1,6,9,34.0,257
2,0,9,20.0,234
1,0,9,15.0,248
2,2,9,14.0,261
2,6,9,29.0,249
0,9,9,6.0,242
1,9,9,34.0,236
0,6,9,26.0,257
0,4,9,20.0,270
1,6,9,4.0,236
2,2,9,3.0,270
1,2,9,1.0,272
0,0,9,25.0,270
1,6,9,10.0,261
1,4,9,13.0,252
0,6,9,72.0,258
1,2,9,83.0,253
0,6,9,68.0,272
2,4,9,10.0,270
1,9,9,30.0,253
0,2,9,32.0,233
1,6,9,13.0,248
2,9,9,8.0,256
2,0,9,23.0,248
0,4,9,11.0,248
0,4,9,15.0,234
1,0,9,4.0,270
2,9,9,1.0,257
1,0,9,7.0,244
0,2,9,11.0,242
2,4,9,28.0,257
0,4,9,21.0,234
0,9,9,19.0,249
1,9,9,9.0,233
1,9,9,14.0,261
1,9,9,59.0,257
0,9,9,54.0,248
1,0,9,2.0,270
2,4,9,10.0,233
2,9,9,22.0,261
2,4,9,8.0,210
2,2,9,14.0,258
0,0,9,4.0,244
1,6,9,17.0,252
2,4,9,3.0,242
0,2,9,55.0,244
1,0,9,11.0,236
1,6,9,15.0,253
1,9,9,19.0,248
2,6,9,7.0,233
0,4,9,35.0,272
2,4,9,14.0,258
1,9,9,15.0,253
0,0,9,11.0,234
0,6,9,17.0,236
0,9,9,36.0,244
1,6,9,17.0,261
1,4,9,1.0,233
1,4,9,16.0,236
2,2,9,16.0,242
1,0,9,4.0,248
0,6,9,5.0,248
1,4,9,29.0,210
0,6,9,2.0,236
1,6,9,36.0,270
0,2,9,21.0,249
1,6,9,8.0,253
0,0,9,12.0,257
0,2,9,4.0,252
0,6,9,21.0,257
2,2,9,37.0,252
1,2,9,2.0,233
1,9,9,27.0,261
0,4,9,58.0,256
2,4,9,4.0,248
0,2,9,4.0,272
1,4,9,16.0,236
0,4,9,24.0,233
0,9,9,0.0,252
1,2,9,23.0,257
1,6,9,10.0,270
2,6,9,7.0,257
1,0,9,20.0,244
0,2,9,85.0,257
2,0,9,29.0,248
0,4,9,18.0,253
1,0,9,26.0,272
2,2,9,30.0,248
0,9,9,63.0,256
2,4,9,3.0,249
0,9,9,26.0,261
1,9,9,30.0,261
1,4,9,22.0,257
0,9,9,12.0,236
1,4,9,16.0,252
2,4,9,25.0,248
0,9,9,82.0,256
1,6,9,20.0,249
2,9,9,10.0,256
1,6,9,15.0,249
1,2,9,15.0,210
0,9,9,23.0,244
0,6,9,2.0,258
1,0,9,2.0,236
0,6,9,16.0,210
0,4,9,31.0,257
0,0,9,5.0,257
0,0,9,6.0,244
0,0,9,53.0,258
2,9,9,9.0,270
2,9,9,7.0,248
1,2,9,64.0,236
1,4,9,17.0,270
0,9,9,11.0,253
1,0,9,1.0,253
2,0,9,11.0,244
1,4,9,5.0,256
0,0,9,17.0,257
1,2,9,36.0,256
1,9,9,9.0,270
0,0,9,3.0,244
0,2,9,21.0,244
1,4,9,16.0,253
2,4,9,30.0,253
2,6,9,4.0,272
0,0,9,54.0,252
2,9,9,20.0,270
1,0,9,21.0,249
1,6,9,5.0,261
0,2,9,5.0,210
2,2,9,16.0,236
2,0,9,61.0,256
2,6,9,19.0,261
2,4,9,32.0,257
0,4,9,46.0,272
1,4,9,9.0,210
2,9,9,8.0,272
1,6,9,16.0,233
2,6,9,6.0,248
0,2,9,5.0,253
1,6,9,6.0,272
0,0,9,80.0,258
2,0,9,1.0,272
2,2,9,13.0,210
0,4,9,10.0,244
1,0,9,1.0,233
1,4,9,1.0,272
2,9,9,3.0,270
0,9,9,12.0,257
1,4,9,13.0,270
1,6,9,21.0,257
2,9,9,4.0,270
0,6,9,13.0,270
1,2,9,7.0,270
2,6,9,9.0,210
1,0,9,5.0,248
1,0,9,2.0,233
2,0,9,33.0,257
2,4,10,13.0,257
0,9,10,8.0,249
0,6,10,6.0,242
1,0,10,23.0,234
2,2,10,14.0,270
2,9,10,15.0,258
0,2,10,15.0,248
0,2,10,4.0,244
2,0,10,12.0,270
0,0,10,14.0,270
2,6,10,45.0,236
1,4,10,1.0,210
1,4,10,1.0,272
0,0,10,10.0,236
0,4,10,11.0,257
0,9,10,6.0,210
2,2,10,7.0,248
2,0,10,14.0,256
2,9,10,0.0,270
2,6,10,18.0,256
0,6,10,8.0,244
0,6,10,5.0,256
0,0,10,2.0,253
0,4,10,20.0,256
2,6,10,3.0,270
1,6,10,1.0,233
1,6,10,29.0,242
0,2,10,8.0,261
0,4,10,50.0,236
0,6,10,4.0,257
1,9,10,2.0,257
1,9,10,11.0,270
0,2,10,39.0,244
2,0,10,10.0,270
1,6,10,3.0,270
2,4,10,8.0,244
2,2,10,5.0,257
1,6,10,15.0,248
2,0,10,38.0,248
1,6,10,6.0,258
1,6,10,7.0,261
2,9,10,9.0,234
1,2,10,11.0,272
2,4,10,36.0,244
0,2,10,8.0,234
1,6,10,0.0,253
1,2,10,27.0,257
0,6,10,18.0,236
1,2,10,68.0,248
2,9,10,4.0,270
1,0,10,17.0,210
0,6,10,17.0,257
2,9,10,24.0,257
1,4,10,40.0,272
2,9,10,48.0,210
0,2,10,15.0,244
1,0,10,30.0,242
1,9,10,18.0,261
2,9,10,9.0,234
0,2,10,6.0,248
2,0,10,32.0,261
1,9,10,6.0,244
2,2,10,53.0,253
0,9,10,99.0,272
2,0,10,3.0,270
0,0,10,20.0,257
1,4,10,34.0,270
2,0,10,19.0,244
0,0,10,2.0,270
2,4,10,0.0,249
0,6,10,19.0,249
0,9,10,4.0,256
1,6,10,4.0,234
1,6,10,37.0,234
1,0,10,2.0,242
1,2,10,16.0,248
0,0,10,19.0,253
2,4,10,14.0,233
2,0,10,10.0,244
2,0,10,6.0,256
2,6,10,5.0,257
0,6,10,21.0,249
2,4,10,20.0,258
1,9,10,10.0,253
1,6,10,3.0,242
1,9,10,1.0,258
0,2,10,9.0,261
1,2,10,14.0,242
2,0,10,10.0,210
0,2,10,4.0,252
1,6,10,0.0,242
0,9,10,8.0,248
0,9,10,58.0,248
2,0,10,10.0,233
1,0,10,10.0,248
0,4,10,11.0,257
2,2,10,25.0,242
2,0,10,71.0,257
1,0,10,12.0,257
2,2,10,23.0,242
1,6,10,16.0,249
1,6,10,10.0,258
0,6,10,45.0,249
2,0,10,4.0,234
0,6,10,33.0,252
0,9,10,8.0,233
2,9,10,7.0,248
1,9,10,10.0,249
0,9,10,22.0,248
2,2,10,27.0,272
1,4,10,20.0,257
0,4,10,49.0,270
1,9,10,9.0,257
0,9,10,23.0,242
1,6,10,29.0,233
0,0,10,47.0,270
2,9,10,4.0,236
0,2,10,13.0,270
1,4,10,21.0,270
1,6,10,9.0,257
2,0,10,1.0,234
0,9,10,0.0,252
1,0,10,63.0,258
2,9,10,4.0,257
1,4,10,13.0,248
1,9,10,22.0,272
2,0,10,32.0,242
0,4,10,15.0,261
0,9,10,13.0,236
0,0,10,21.0,249
0,4,10,35.0,210
0,4,10,34.0,248
0,4,10,2.0,270
2,9,10,17.0,257
0,6,10,11.0,261
0,4,10,80.0,257
0,4,10,57.0,258
1,2,10,7.0,248
1,9,10,1.0,272
2,4,10,6.0,242
2,9,10,6.0,270
0,4,10,2.0,248
2,9,10,27.0,272
1,2,10,2.0,248
0,2,10,11.0,270
2,2,10,15.0,233
1,2,10,3.0,258
2,4,10,6.0,272
0,2,10,2.0,233
1,4,10,11.0,244
2,9,10,4.0,242
1,2,10,1.0,256
1,0,10,0.0,257
2,4,10,50.0,261
1,2,10,41.0,270
2,6,10,22.0,236
0,9,10,12.0,256
1,6,10,12.0,258
0,6,10,8.0,252
2,6,10,17.0,248
2,9,10,1.0,261
0,0,10,7.0,248
0,2,10,8.0,248
2,6,10,17.0,244
2,9,10,46.0,252
1,2,10,29.0,257
1,4,10,65.0,236
1,6,10,21.0,270
2,9,10,59.0,256
2,4,10,13.0,242
1,6,10,34.0,252
0,4,10,33.0,233
1,6,10,2.0,257
0,9,10,10.0,257
1,4,10,23.0,272
2,9,10,16.0,272
2,2,10,1.0,248
0,9,10,1.0,270
2,9,10,10.0,261
2,6,10,14.0,257
0,9,10,42.0,258
1,2,10,50.0,258
1,2,10,3.0,253
2,2,10,1.0,257
0,2,10,13.0,272
1,6,10,30.0,257
1,0,10,13.0,270
2,6,10,6.0,261
0,9,10,54.0,248
1,2,10,4.0,244
0,6,10,1.0,270
1,4,10,27.0,236
1,6,10,0.0,248
1,6,10,25.0,236
0,4,10,18.0,270
2,4,10,23.0,270
2,6,10,19.0,261
0,0,10,10.0,256
2,0,10,2.0,253
0,6,10,54.0,249
2,9,10,9.0,233
1,2,10,17.0,236
2,2,10,0.0,270
1,2,11,66.0,244
0,4,11,37.0,270
1,6,11,11.0,236
1,2,11,3.0,270
2,4,11,7.0,270
0,2,11,1.0,210
0,9,11,5.0,272
1,9,11,1.0,252
1,6,11,22.0,257
0,4,11,15.0,242
0,0,11,21.0,236
1,2,11,5.0,244
1,2,11,13.0,256
2,2,11,1.0,210
1,6,11,8.0,249
0,6,11,11.0,256
1,0,11,21.0,270
2,9,11,93.0,272
1,6,11,36.0,252
1,2,11,7.0,257
0,9,11,17.0,236
2,2,11,45.0,270
2,9,11,40.0,244
2,6,11,37.0,258
1,4,11,11.0,261
2,4,11,2.0,249
2,4,11,72.0,258
0,2,11,6.0,234
1,6,11,14.0,258
2,9,11,9.0,234
1,0,11,24.0,258
0,6,11,12.0,256
0,4,11,9.0,272
0,6,11,31.0,249
1,2,11,30.0,270
0,9,11,72.0,257
1,4,11,4.0,248
2,4,11,1.0,253
1,0,11,8.0,258
1,4,11,3.0,242
2,9,11,27.0,210
2,0,11,2.0,248
2,0,11,13.0,257
0,6,11,33.0,256
0,2,11,43.0,236
0,9,11,35.0,257
1,6,11,13.0,234
0,9,11,16.0,244
2,9,11,36.0,272
0,2,11,6.0,252
1,2,11,12.0,270
0,9,11,58.0,242
2,9,11,2.0,270
2,0,11,44.0,261
0,0,11,7.0,233
1,9,11,7.0,272
1,0,11,0.0,253
0,6,11,23.0,272
1,9,11,8.0,253
0,0,11,16.0,272
2,4,11,54.0,257
1,9,11,4.0,261
0,0,11,4.0,256
0,0,11,4.0,257
0,0,11,13.0,256
0,4,11,25.0,258
0,4,11,56.0,256
0,2,11,71.0,248
2,0,11,17.0,234
1,2,11,12.0,270
1,6,11,5.0,234
0,4,11,1.0,258
1,4,11,3.0,234
0,2,11,9.0,261
2,2,11,2.0,270
2,9,11,10.0,253
0,4,11,11.0,272
1,0,11,19.0,248
2,9,11,10.0,236
2,6,11,2.0,233
1,4,11,20.0,261
2,0,11,3.0,270
0,6,11,6.0,272
1,4,11,5.0,257
1,4,11,30.0,210
1,9,11,13.0,252
1,6,11,11.0,257
0,2,11,3.0,210
1,0,11,13.0,270
2,9,11,8.0,270
2,4,11,1.0,252
0,2,11,34.0,272
2,6,11,25.0,256
2,2,11,21.0,261
0,4,11,2.0,234
1,4,11,6.0,257
2,9,11,30.0,244
2,9,11,0.0,210
0,9,11,26.0,233
0,9,11,4.0,248
2,0,11,6.0,257
2,6,11,0.0,249
1,2,11,26.0,249
1,9,11,17.0,248
1,4,11,15.0,233
0,9,11,5.0,236
0,6,11,0.0,249
1,2,11,4.0,258
2,9,11,12.0,242
1,9,11,9.0,258
0,0,11,10.0,242
0,4,11,1.0,257
0,4,11,18.0,270
2,9,11,7.0,272
0,4,11,8.0,257
2,0,11,40.0,257
0,4,11,36.0,236
2,9,11,8.0,210
2,0,11,12.0,242
1,0,11,3.0,244
0,2,11,1.0,233
2,2,11,25.0,242
2,6,11,12.0,252
2,6,11,28.0,242
1,0,11,41.0,242
1,6,11,6.0,258
1,2,11,43.0,256
0,4,11,7.0,257
0,2,11,22.0,256
1,0,11,16.0,253
0,4,11,24.0,248
0,4,11,14.0,257
0,2,11,0.0,253
2,4,11,0.0,257
1,4,11,2.0,253
0,9,11,34.0,257
2,2,11,7.0,252
1,9,11,26.0,242
2,0,11,12.0,261
1,9,11,24.0,270
0,9,11,5.0,257
0,0,11,4.0,248
1,6,11,6.0,257
1,2,11,11.0,252
0,2,11,12.0,236
2,9,11,3.0,253
2,0,11,1.0,242
1,6,11,26.0,256
1,6,11,32.0,270
2,4,11,7.0,272
1,0,11,27.0,252
1,4,11,2.0,252
2,4,11,15.0,234
0,0,11,73.0,257
2,6,11,2.0,258
1,6,11,61.0,261
0,0,11,10.0,257
2,6,11,39.0,242
0,2,11,23.0,257
0,6,11,3.0,244
2,9,11,9.0,258
2,4,11,6.0,253
2,4,11,26.0,256
0,9,11,29.0,253
2,2,11,6.0,233
2,6,11,16.0,270
1,6,11,3.0,233
0,6,11,6.0,249
1,4,11,15.0,270
0,9,11,33.0,253
1,0,11,29.0,253
1,9,11,6.0,234
2,2,11,30.0,210
2,0,11,16.0,248
1,6,11,11.0,256
0,2,11,40.0,234
0,0,11,3.0,248
2,0,11,9.0,258
2,6,11,9.0,236
1,2,11,6.0,244
1,9,11,22.0,257
2,2,11,5.0,210
0,0,11,6.0,248
1,0,11,0.0,210
1,6,11,27.0,272
0,6,11,24.0,261
2,4,11,34.0,236
1,0,11,31.0,270
2,2,11,18.0,210
2,2,11,11.0,248
0,6,11,3.0,248
2,2,11,21.0,258
0,2,11,8.0,234
2,6,11,2.0,258
0,6,11,29.0,248
2,2,11,10.0,244
2,0,11,28.0,258
1,4,11,3.0,210
1,0,11,12.0,272
2,9,11,14.0,270
1,2,11,23.0,261
0,2,11,12.0,253
0,6,11,10.0,249
0,2,11,6.0,256
2,4,11,19.0,272
0,4,11,5.0,249
2,6,11,14.0,261
1,2,11,43.0,244
1,4,11,4.0,272
0,0,11,1.0,252
0,0,11,2.0,248
0,4,11,15.0,258
0,4,11,3.0,234
0,6,11,8.0,252
0,4,11,7.0,248
2,0,12,96.0,253
2,6,12,24.0,248
0,6,12,45.0,252
1,4,12,14.0,233
2,4,12,9.0,252
2,4,12,25.0,248
0,0,12,11.0,256
2,6,12,25.0,252
1,4,12,40.0,270
2,4,12,13.0,253
0,4,12,11.0,249
2,0,12,5.0,210
0,2,12,26.0,258
1,4,12,36.0,272
0,6,12,24.0,248
1,9,12,3.0,252
0,6,12,29.0,258
1,9,12,28.0,261
0,4,12,1.0,244
1,6,12,10.0,248
0,0,12,28.0,256
1,0,12,9.0,253
2,4,12,1.0,252
0,2,12,15.0,248
2,4,12,16.0,236
1,0,12,3.0,261
1,2,12,22.0,248
2,0,12,7.0,258
2,2,12,3.0,272
0,6,12,23.0,272
2,2,12,4.0,270
1,9,12,27.0,257
1,6,12,5.0,256
1,4,12,23.0,248
1,6,12,16.0,242
2,9,12,0.0,242
1,0,12,1.0,242
2,4,12,43.0,257
1,2,12,19.0,270
1,9,12,22.0,253
1,9,12,29.0,244
0,6,12,9.0,257
1,6,12,3.0,258
2,9,12,12.0,257
2,0,12,30.0,252
1,4,12,10.0,253
0,2,12,29.0,261
2,6,12,5.0,248
0,0,12,3.0,248
0,9,12,25.0,252
2,6,12,10.0,236
0,2,12,22.0,258
2,9,12,6.0,248
0,0,12,26.0,236
0,2,12,39.0,272
0,0,12,12.0,270
2,0,12,6.0,253
1,6,12,58.0,210
0,9,12,18.0,233
2,4,12,1.0,244
2,6,12,2.0,248
2,6,12,59.0,249
2,6,12,2.0,258
2,2,12,22.0,210
1,2,12,39.0,257
0,6,12,3.0,248
0,2,12,3.0,261
0,9,12,4.0,248
2,4,12,67.0,258
1,0,12,6.0,253
2,2,12,23.0,244
0,2,12,0.0,252
2,9,12,3.0,270
1,9,12,14.0,256
1,9,12,65.0,257
0,4,12,38.0,253
2,9,12,15.0,257
0,2,12,7.0,253
2,0,12,11.0,248
2,0,12,2.0,210
1,0,12,15.0,253
0,6,12,19.0,258
1,4,12,15.0,236
0,9,12,0.0,242
1,4,12,1.0,253
0,2,12,5.0,256
2,2,12,74.0,236
1,0,12,10.0,210
2,9,12,7.0,253
0,0,12,26.0,242
0,0,12,70.0,236
0,9,12,25.0,210
0,0,12,5.0,236
0,4,12,50.0,256
0,2,12,37.0,272
2,2,12,7.0,248
0,0,12,5.0,234
0,6,12,14.0,272
1,6,12,3.0,272
0,0,12,21.0,270
0,2,12,26.0,258
1,4,12,25.0,257
2,0,12,5.0,248
1,9,12,48.0,210
1,9,12,2.0,253
0,6,12,34.0,233
0,0,12,1.0,261
0,2,12,56.0,233
1,9,12,1.0,248
1,9,12,14.0,210
1,0,12,23.0,270
1,0,12,7.0,270
2,0,12,11.0,234
0,2,12,79.0,257
0,0,12,33.0,210
0,6,12,71.0,257
0,2,12,18.0,249
2,9,12,10.0,272
2,2,12,23.0,244
2,4,12,35.0,270
0,2,12,18.0,258
0,0,12,7.0,249
2,4,12,28.0,234
2,2,12,33.0,210
2,4,12,27.0,272
1,6,12,29.0,256
0,6,12,4.0,244
1,9,12,3.0,252
1,4,12,10.0,248
2,0,12,40.0,252
0,0,12,13.0,242
0,0,12,43.0,261
0,9,12,35.0,270
0,6,12,2.0,234
0,4,12,7.0,242
1,9,12,32.0,261
0,2,12,64.0,244
2,6,12,19.0,252
0,2,12,56.0,257
1,2,12,0.0,242
0,4,12,16.0,236
1,2,12,16.0,234
2,2,12,23.0,252
1,2,12,12.0,261
1,2,12,12.0,233
2,4,12,13.0,244
2,0,12,30.0,272
2,6,12,4.0,242
0,0,12,17.0,244
2,9,12,4.0,253
0,0,12,12.0,248
0,9,12,2.0,233
1,0,12,9.0,270
0,6,12,31.0,257
2,9,12,27.0,256
1,6,12,17.0,248
2,4,12,13.0,257
2,2,12,36.0,210
0,2,12,6.0,249
1,6,12,7.0,261
0,9,12,30.0,257
0,0,12,11.0,257
0,9,12,8.0,257
2,4,12,8.0,270
0,4,12,17.0,256
1,6,12,2.0,242
2,4,12,32.0,252
2,9,12,33.0,258
1,4,12,12.0,272
1,4,12,13.0,258
0,2,12,2.0,253
2,9,12,4.0,249
1,4,12,6.0,252
1,2,12,10.0,242
2,2,12,3.0,257
2,4,12,18.0,257
0,6,12,25.0,257
1,6,12,1.0,257
1,4,12,16.0,249
2,9,12,23.0,253
0,0,12,8.0,270
2,2,12,14.0,256
1,6,12,16.0,252
1,6,12,12.0,272
2,4,12,34.0,258
1,2,12,21.0,257
2,0,12,32.0,252
0,4,12,2.0,244
1,2,12,40.0,253
2,4,12,2.0,248
2,4,12,6.0,233
1,6,12,10.0,252
1,6,12,2.0,256
0,2,12,9.0,242
1,6,13,45.0,248
2,9,13,18.0,210
2,0,13,15.0,258
1,9,13,22.0,234
1,0,13,2.0,261
2,4,13,24.0,242
1,0,13,10.0,256
0,6,13,4.0,248
2,2,13,46.0,257
0,6,13,16.0,257
2,2,13,18.0,244
2,4,13,26.0,249
2,9,13,8.0,210
0,9,13,33.0,270
2,4,13,38.0,233
2,0,13,44.0,210
0,4,13,47.0,256
1,2,13,2.0,244
0,9,13,11.0,257
0,6,13,8.0,270
2,6,13,28.0,249
0,2,13,7.0,234
0,4,13,7.0,257
2,0,13,13.0,270
1,4,13,8.0,249
0,6,13,5.0,253
2,0,13,9.0,244
2,4,13,13.0,270
2,9,13,13.0,257
2,2,13,9.0,270
2,4,13,2.0,248
2,2,13,3.0,272
0,0,13,28.0,244
0,9,13,20.0,270
1,6,13,25.0,257
2,9,13,42.0,253
0,2,13,5.0,252
2,6,13,2.0,270
1,0,13,42.0,244
1,0,13,6.0,252
1,0,13,15.0,257
2,4,13,41.0,258
0,6,13,24.0,272
0,9,13,17.0,242
1,4,13,5.0,234
2,4,13,28.0,256
1,2,13,20.0,256
1,4,13,36.0,272
2,6,13,40.0,233
1,9,13,37.0,234
1,4,13,38.0,242
0,0,13,21.0,270
2,6,13,32.0,270
2,0,13,20.0,233
2,6,13,22.0,248
0,4,13,7.0,210
2,4,13,20.0,270
1,9,13,19.0,258
0,4,13,41.0,233
2,9,13,21.0,253
1,9,13,3.0,244
2,2,13,4.0,256
0,2,13,0.0,253
0,6,13,35.0,256
0,2,13,26.0,249
1,0,13,5.0,248
1,4,13,62.0,233
0,4,13,2.0,270
2,6,13,7.0,256
0,2,13,4.0,234
1,0,13,56.0,236
1,4,13,11.0,270
0,4,13,8.0,242
1,2,13,25.0,249
2,4,13,6.0,236
2,4,13,29.0,261
2,4,13,8.0,270
0,2,13,2.0,233
1,0,13,24.0,236
1,2,13,19.0,261
0,2,13,11.0,234
2,0,13,9.0,256
2,6,13,8.0,249
1,9,13,19.0,257
2,4,13,25.0,242
1,0,13,2.0,249
2,9,13,12.0,257
2,0,13,1.0,242
2,6,13,71.0,270
2,6,13,10.0,233
1,0,13,5.0,258
1,4,13,11.0,236
1,6,13,54.0,249
2,2,13,30.0,257
0,4,13,23.0,256
0,4,13,7.0,210
2,6,13,28.0,257
0,2,13,31.0,257
1,9,13,22.0,210
1,9,13,13.0,256
2,0,13,6.0,261
2,2,13,59.0,252
2,9,13,21.0,242
1,9,13,24.0,236
2,0,13,2.0,256
1,4,13,0.0,210
2,4,13,4.0,258
2,0,13,26.0,252
1,0,13,7.0,256
0,9,13,13.0,253
0,2,13,13.0,242
0,6,13,7.0,270
1,0,13,4.0,270
0,6,13,23.0,272
1,0,13,11.0,257
1,0,13,35.0,244
1,2,13,0.0,236
0,4,13,33.0,242
1,2,13,5.0,233
0,2,13,16.0,233
1,2,13,19.0,272
2,2,13,7.0,249
1,6,13,16.0,236
1,4,13,35.0,249
1,4,13,11.0,258
0,4,13,4.0,233
0,6,13,0.0,270
0,6,13,5.0,210
2,0,13,10.0,257
2,0,13,37.0,242
1,4,13,52.0,253
2,9,13,16.0,257
1,4,13,25.0,233
2,6,13,45.0,252
2,9,13,14.0,257
0,9,13,3.0,236
0,6,13,7.0,258
1,2,13,6.0,256
1,2,13,2.0,242
2,4,13,14.0,242
1,0,13,21.0,252
1,6,13,28.0,257
2,6,13,14.0,248
0,9,13,2.0,234
1,6,13,13.0,233
1,4,13,18.0,270
2,0,13,55.0,242
2,9,13,30.0,270
2,2,13,23.0,249
0,6,13,7.0,248
0,2,13,53.0,248
2,9,13,9.0,248
0,6,13,2.0,272
2,4,13,23.0,270
1,6,13,11.0,256
2,2,13,49.0,242
1,6,13,3.0,210
0,4,13,34.0,234
0,2,13,1.0,256
2,2,13,10.0,270
1,9,13,6.0,248
0,4,13,4.0,270
2,6,13,2.0,248
2,9,13,2.0,258
1,0,13,0.0,249
1,2,13,5.0,249
1,6,13,12.0,244
1,4,13,16.0,257
0,2,13,1.0,253
2,6,13,11.0,252
2,6,13,38.0,244
0,4,13,53.0,249
1,4,13,1.0,270
0,9,13,2.0,261
0,2,13,26.0,248
2,4,13,16.0,233
2,6,13,1.0,261
1,6,13,9.0,272
0,2,13,0.0,256
2,2,13,10.0,244
2,6,13,2.0,257
0,4,13,9.0,244
2,4,13,16.0,244
2,9,13,45.0,253
1,4,13,34.0,242
2,4,13,14.0,258
0,4,13,2.0,257
2,9,13,12.0,252
0,2,13,6.0,256
1,4,13,8.0,210
2,9,13,14.0,256
1,9,13,7.0,253
0,2,13,24.0,270
0,4,13,41.0,257
1,6,13,29.0,252
0,9,13,36.0,270
2,0,13,10.0,257
2,2,13,7.0,258
1,9,13,2.0,272
0,9,13,0.0,252
2,0,13,6.0,249
1,2,13,2.0,272
2,2,13,2.0,242
0,0,13,3.0,236
0,2,13,8.0,257
0,4,13,0.0,258
0,2,13,18.0,257
1,4,14,44.0,253
0,0,14,5.0,242
2,2,14,7.0,234
0,4,14,4.0,272
0,2,14,10.0,242
1,0,14,10.0,257
1,9,14,21.0,248
0,6,14,18.0,270
1,0,14,18.0,270
0,4,14,50.0,248
2,2,14,29.0,257
0,4,14,19.0,270
1,9,14,46.0,248
2,0,14,17.0,210
0,6,14,36.0,257
1,2,14,81.0,270
1,4,14,5.0,236
1,0,14,18.0,270
1,6,14,33.0,244
2,4,14,20.0,258
0,0,14,8.0,258
0,6,14,72.0,210
0,6,14,63.0,249
1,2,14,8.0,252
0,4,14,77.0,257
1,4,14,19.0,257
1,2,14,3.0,256
0,0,14,7.0,270
0,9,14,56.0,257
2,4,14,23.0,242
1,9,14,11.0,249
1,9,14,4.0,257
1,9,14,11.0,257
0,2,14,26.0,249
1,6,14,17.0,249
2,0,14,31.0,261
2,4,14,2.0,257
0,2,14,29.0,248
1,9,14,18.0,256
0,0,14,36.0,210
1,6,14,64.0,253
0,6,14,6.0,272
1,9,14,12.0,248
1,9,14,3.0,258
2,0,14,6.0,270
1,6,14,24.0,234
0,0,14,9.0,249
2,6,14,41.0,252
1,0,14,0.0,270
2,9,14,49.0,244
1,6,14,17.0,270
1,9,14,4.0,242
0,6,14,6.0,261
0,9,14,23.0,253
0,9,14,8.0,244
0,0,14,9.0,253
0,6,14,4.0,270
2,9,14,47.0,256
1,0,14,4.0,210
0,2,14,16.0,257
1,6,14,3.0,270
0,0,14,11.0,248
1,0,14,14.0,261
0,2,14,7.0,258
2,2,14,24.0,253
0,2,14,21.0,272
1,4,14,1.0,244
0,2,14,1.0,253
0,6,14,36.0,272
1,9,14,20.0,270
2,2,14,2.0,256
2,9,14,4.0,234
2,2,14,20.0,233
1,9,14,35.0,242
0,6,14,4.0,248
1,6,14,0.0,252
2,0,14,8.0,248
0,2,14,5.0,249
0,4,14,0.0,270
1,9,14,2.0,270
2,0,14,38.0,249
1,6,14,3.0,233
0,4,14,52.0,248
1,6,14,37.0,252
0,9,14,8.0,257
0,6,14,9.0,261
2,0,14,2.0,244
1,2,14,1.0,234
0,9,14,21.0,253
2,4,14,27.0,249
0,6,14,47.0,248
2,4,14,2.0,249
2,4,14,0.0,242
1,2,14,8.0,272
0,6,14,12.0,248
1,6,14,36.0,249
2,2,14,25.0,242
1,2,14,7.0,233
1,6,14,26.0,210
2,4,14,10.0,261
2,6,14,7.0,252
1,9,14,21.0,249
0,4,14,4.0,236
0,4,14,24.0,253
2,0,14,8.0,236
0,2,14,26.0,258
2,0,14,23.0,233
1,6,14,20.0,261
1,6,14,14.0,233
0,4,14,19.0,248
2,0,14,14.0,244
2,2,14,4.0,252
1,6,14,19.0,242
0,2,14,2.0,233
2,6,14,3.0,252
1,6,14,20.0,252
2,4,14,1.0,270
0,6,14,24.0,257
2,4,14,26.0,242
1,6,14,14.0,234
0,9,14,5.0,249
1,9,14,25.0,257
0,9,14,20.0,270
1,2,14,56.0,257
0,0,14,22.0,249
2,0,14,14.0,236
0,0,14,90.0,248
2,4,14,6.0,252
2,4,14,20.0,248
1,2,14,0.0,234
1,9,14,50.0,248
1,2,14,0.0,253
2,9,14,5.0,253
2,2,14,3.0,272
1,6,14,22.0,270
0,0,14,68.0,257
2,6,14,4.0,258
1,6,14,21.0,253
1,2,14,42.0,256
2,0,14,32.0,258
0,4,14,7.0,233
0,9,14,16.0,253
1,0,14,7.0,270
2,4,14,38.0,257
2,4,14,6.0,257
0,6,14,31.0,233
2,9,14,57.0,261
1,6,14,47.0,233
0,4,14,5.0,248
1,9,14,20.0,272
0,0,14,9.0,272
0,9,14,20.0,236
0,2,14,44.0,253
1,9,14,49.0,234
0,9,14,4.0,244
2,6,14,12.0,248
0,4,14,3.0,257
2,9,14,31.0,253
0,4,14,21.0,252
1,9,14,10.0,253
2,4,14,23.0,270
2,2,14,8.0,272
1,0,14,38.0,210
1,0,14,10.0,210
1,6,14,5.0,233
2,0,14,28.0,242
2,6,14,35.0,252
0,9,14,9.0,256
2,6,14,1.0,236
1,0,14,9.0,244
0,9,14,13.0,270
2,6,14,16.0,242
2,2,14,21.0,261
2,0,14,0.0,233
1,0,14,5.0,233
2,4,14,2.0,252
1,6,14,1.0,270
1,4,14,7.0,270
0,9,14,0.0,248
0,6,14,60.0,248
2,4,14,4.0,234
2,9,14,31.0,248
2,9,14,0.0,248
1,0,14,24.0,248
0,6,14,0.0,272
1,0,14,7.0,233
0,6,14,50.0,234
2,9,15,36.0,242
1,6,15,5.0,236
1,6,15,15.0,252
2,6,15,8.0,270
1,6,15,12.0,242
1,0,15,4.0,236
1,9,15,9.0,234
1,0,15,4.0,233
2,2,15,2.0,249
0,2,15,28.0,236
2,4,15,22.0,210
1,2,15,11.0,261
2,4,15,5.0,234
1,2,15,13.0,270
0,4,15,16.0,248
2,9,15,18.0,248
1,2,15,12.0,244
1,0,15,6.0,234
2,9,15,16.0,210
1,2,15,48.0,253
0,2,15,2.0,256
1,6,15,5.0,270
0,0,15,1.0,234
2,6,15,4.0,258
0,6,15,40.0,270
0,2,15,15.0,253
2,4,15,7.0,242
1,4,15,3.0,244
1,9,15,5.0,233
2,4,15,8.0,272
2,6,15,2.0,248
0,9,15,11.0,234
0,9,15,29.0,261
1,0,15,58.0,233
1,0,15,2.0,249
2,9,15,4.0,253
1,2,15,10.0,270
1,2,15,10.0,257
1,4,15,23.0,234
1,6,15,6.0,248
0,2,15,56.0,248
2,6,15,16.0,233
0,9,15,4.0,248
1,4,15,15.0,242
0,2,15,6.0,244
1,9,15,77.0,258
2,2,15,16.0,253
1,4,15,58.0,252
2,4,15,123.0,244
0,6,15,5.0,234
1,2,15,15.0,257
1,2,15,1.0,244
1,0,15,25.0,236
0,0,15,5.0,244
0,6,15,10.0,257
2,0,15,1.0,248
0,2,15,18.0,233
1,0,15,0.0,242
2,6,15,9.0,244
1,2,15,38.0,257
0,6,15,6.0,210
1,2,15,20.0,272
2,2,15,3.0,248
1,4,15,8.0,272
2,4,15,4.0,256
2,4,15,19.0,272
1,6,15,15.0,256
0,2,15,1.0,244
0,9,15,103.0,272
2,0,15,3.0,210
2,6,15,4.0,249
0,0,15,1.0,270
2,4,15,19.0,233
1,4,15,9.0,272
2,4,15,43.0,261
0,4,15,33.0,253
1,2,15,8.0,272
2,9,15,5.0,258
2,2,15,19.0,270
0,0,15,38.0,256
2,4,15,1.0,270
1,6,15,1.0,242
2,4,15,22.0,242
1,9,15,44.0,270
0,6,15,16.0,233
1,0,15,13.0,249
2,9,15,11.0,244
1,0,15,12.0,248
0,9,15,40.0,258
0,2,15,54.0,236
1,6,15,4.0,234
2,2,15,65.0,256
0,6,15,25.0,248
0,0,15,9.0,233
1,0,15,49.0,242
0,6,15,1.0,233
1,4,15,44.0,210
2,9,15,27.0,261
0,4,15,1.0,258
2,9,15,0.0,249
0,4,15,0.0,261
0,6,15,49.0,253
0,6,15,22.0,252
1,4,15,20.0,252
0,0,15,14.0,252
2,0,15,48.0,249
0,6,15,6.0,253
1,9,15,25.0,257
0,9,15,1.0,242
0,9,15,52.0,258
1,2,15,49.0,234
1,4,15,10.0,261
2,4,15,25.0,257
0,6,15,37.0,258
1,2,15,20.0,272
0,0,15,6.0,256
2,4,15,25.0,257
0,9,15,38.0,244
0,9,15,16.0,261
1,2,15,1.0,257
2,2,15,19.0,270
2,6,15,9.0,257
1,2,15,35.0,258
1,2,15,11.0,234
1,0,15,14.0,249
1,4,15,14.0,244
1,2,15,6.0,253
2,4,15,1.0,234
1,2,15,4.0,249
1,4,15,40.0,258
1,9,15,6.0,233
1,9,15,22.0,234
1,4,15,8.0,249
2,9,15,5.0,270
2,4,15,30.0,252
0,6,15,18.0,248
1,0,15,28.0,256
2,2,15,2.0,257
0,0,15,1.0,242
0,4,15,51.0,253
2,9,15,3.0,270
1,2,15,18.0,257
1,4,15,39.0,257
0,2,15,4.0,248
2,9,15,45.0,210
0,9,15,10.0,248
0,0,15,25.0,248
0,6,15,13.0,244
1,6,15,27.0,258
0,4,15,5.0,258
2,9,15,18.0,242
1,6,15,11.0,236
1,9,15,7.0,248
2,0,15,26.0,233
0,6,15,5.0,270
0,0,15,8.0,248
2,9,15,46.0,248
0,2,15,9.0,249
1,9,15,7.0,248
0,4,15,101.0,258
0,6,15,1.0,244
1,9,15,17.0,248
2,4,15,4.0,261
0,4,15,7.0,258
0,0,15,21.0,256
1,6,15,3.0,261
1,4,15,3.0,256
2,0,15,11.0,210
1,6,15,1.0,236
0,6,15,11.0,253
2,2,15,15.0,248
1,4,15,11.0,256
0,0,15,6.0,256
2,4,15,2.0,233
1,0,15,4.0,270
2,4,15,2.0,249
2,2,15,2.0,242
0,4,15,7.0,257
1,9,15,6.0,248
0,0,15,22.0,261
1,6,15,9.0,242
0,4,15,8.0,252
2,0,15,1.0,257
1,4,15,54.0,234
0,6,15,21.0,248
2,2,15,31.0,234
1,9,15,45.0,210
0,9,15,5.0,234
0,0,15,2.0,249
0,2,15,1.0,249
2,6,15,132.0,248
2,0,15,58.0,252
1,0,15,1.0,270
1,6,15,24.0,252
2,6,16,53.0,249
2,4,16,6.0,248
2,4,16,0.0,261
0,2,16,8.0,272
2,2,16,10.0,256
1,2,16,17.0,249
1,9,16,5.0,252
2,0,16,41.0,257
1,6,16,25.0,253
1,0,16,16.0,234
0,2,16,26.0,272
1,6,16,12.0,253
2,2,16,26.0,210
2,0,16,47.0,236
0,9,16,18.0,248
2,0,16,35.0,270
1,0,16,7.0,270
0,0,16,0.0,257
0,6,16,6.0,248
2,2,16,26.0,236
2,4,16,3.0,272
1,6,16,11.0,256
0,6,16,3.0,249
0,9,16,20.0,233
1,0,16,23.0,234
1,0,16,5.0,233
1,4,16,53.0,270
0,9,16,20.0,272
0,2,16,3.0,270
0,6,16,29.0,248
1,9,16,39.0,249
2,9,16,30.0,252
0,4,16,41.0,257
1,0,16,2.0,244
1,4,16,10.0,248
2,0,16,1.0,272
1,2,16,15.0,236
2,0,16,61.0,253
0,6,16,15.0,257
1,6,16,7.0,233
1,4,16,20.0,249
2,0,16,5.0,249
2,6,16,25.0,248
2,6,16,15.0,248
0,2,16,2.0,261
1,0,16,25.0,261
1,4,16,1.0,210
2,4,16,1.0,258
0,2,16,18.0,257
1,6,16,18.0,257
2,6,16,13.0,210
0,0,16,4.0,270
2,9,16,9.0,242
0,6,16,38.0,248
1,2,16,11.0,210
2,2,16,59.0,257
1,6,16,53.0,256
2,0,16,20.0,234
1,9,16,39.0,244
1,4,16,22.0,248
1,6,16,10.0,261
2,0,16,24.0,256
0,4,16,16.0,272
1,2,16,17.0,257
1,2,16,5.0,236
1,9,16,63.0,234
0,4,16,25.0,270
1,9,16,19.0,270
0,2,16,47.0,234
1,6,16,2.0,261
0,6,16,2.0,256
2,6,16,27.0,233
2,6,16,1.0,234
2,0,16,3.0,248
2,2,16,26.0,242
0,0,16,11.0,210
2,2,16,6.0,234
0,6,16,11.0,248
1,0,16,39.0,252
1,0,16,23.0,257
2,4,16,23.0,257
1,6,16,18.0,248
1,2,16,26.0,234
0,9,16,1.0,252
1,6,16,30.0,236
1,4,16,35.0,261
1,0,16,15.0,252
0,2,16,12.0,244
1,9,16,9.0,253
2,4,16,6.0,258
2,4,16,8.0,258
2,9,16,4.0,258
2,0,16,1.0,236
0,2,16,3.0,236
2,6,16,2.0,261
1,2,16,11.0,272
2,9,16,29.0,234
0,4,16,29.0,249
1,2,16,16.0,249
0,9,16,21.0,233
0,6,16,15.0,248
1,2,16,22.0,248
2,4,16,13.0,244
2,6,16,1.0,242
0,4,16,4.0,270
0,2,16,4.0,257
0,9,16,1.0,257
1,6,16,41.0,234
0,9,16,2.0,257
1,9,16,3.0,242
0,0,16,1.0,256
1,4,16,1.0,236
0,2,16,18.0,257
2,6,16,47.0,272
2,0,16,15.0,256
2,4,16,19.0,270
1,6,16,20.0,258
1,4,16,45.0,236
2,2,16,1.0,270
0,6,16,13.0,236
2,4,16,19.0,252
1,0,16,45.0,242
2,0,16,11.0,248
1,4,16,32.0,210
1,2,16,34.0,257
1,2,16,30.0,257
2,4,16,12.0,270
1,9,16,12.0,272
1,4,16,24.0,272
1,0,16,3.0,272
1,4,16,8.0,236
1,0,16,5.0,270
0,0,16,12.0,248
1,0,16,51.0,236
2,2,16,6.0,272
0,2,16,80.0,244
2,6,16,27.0,242
2,9,16,2.0,272
2,4,16,16.0,242
0,9,16,1.0,257
2,2,16,13.0,257
0,0,16,4.0,252
0,9,16,57.0,253
0,4,16,18.0,272
0,6,16,8.0,270
2,2,16,59.0,244
0,0,16,30.0,258
2,6,16,17.0,256
2,2,16,1.0,249
1,2,16,25.0,272
2,6,16,18.0,270
0,0,16,2.0,257
0,4,16,17.0,248
1,0,16,29.0,242
1,6,16,46.0,257
0,0,16,3.0,248
1,4,16,10.0,270
0,4,16,23.0,270
2,0,16,8.0,258
1,6,16,2.0,248
2,4,16,10.0,270
0,2,16,23.0,248
1,2,16,14.0,258
0,9,16,21.0,261
0,2,16,16.0,210
1,2,16,9.0,252
1,2,16,2.0,210
0,9,16,36.0,248
2,4,16,0.0,270
0,9,16,15.0,252
1,2,16,9.0,256
2,9,16,4.0,244
0,4,16,12.0,244
0,9,16,7.0,248
2,4,16,16.0,253
2,0,16,43.0,253
0,9,16,10.0,252
0,6,16,12.0,258
2,2,16,38.0,257
2,9,16,37.0,252
2,4,16,25.0,244
1,2,16,15.0,244
0,6,16,14.0,253
1,9,16,35.0,257
0,9,16,5.0,233
2,6,16,13.0,234
2,9,16,4.0,257
2,9,16,126.0,257
0,9,16,36.0,270
0,6,16,38.0,236
2,4,16,26.0,249
0,4,17,30.0,248
0,2,17,38.0,234
1,9,17,7.0,244
0,0,17,2.0,270
2,6,17,79.0,270
0,0,17,6.0,210
1,2,17,37.0,270
1,4,17,32.0,270
1,4,17,40.0,256
1,2,17,24.0,270
2,4,17,34.0,261
2,6,17,9.0,252
2,0,17,13.0,256
1,2,17,29.0,253
2,2,17,14.0,244
1,4,17,7.0,258
1,6,17,2.0,257
0,4,17,3.0,248
1,2,17,26.0,248
2,4,17,10.0,256
2,4,17,3.0,261
1,6,17,37.0,233
0,9,17,21.0,236
0,4,17,20.0,252
0,2,17,3.0,270
2,9,17,20.0,233
0,9,17,1.0,248
0,6,17,13.0,257
1,6,17,3.0,252
0,6,17,31.0,256
1,6,17,5.0,244
1,0,17,14.0,252
0,0,17,25.0,257
2,0,17,1.0,249
2,2,17,10.0,258
0,2,17,31.0,236
0,6,17,22.0,270
0,4,17,18.0,258
0,0,17,3.0,236
0,0,17,16.0,261
2,0,17,27.0,257
2,2,17,20.0,248
0,9,17,49.0,242
1,0,17,22.0,242
1,2,17,7.0,248
1,9,17,0.0,242
0,0,17,20.0,272
0,0,17,44.0,272
2,4,17,1.0,257
2,2,17,67.0,242
1,0,17,3.0,236
0,6,17,19.0,244
2,9,17,38.0,244
1,6,17,3.0,257
2,6,17,25.0,242
1,0,17,16.0,252
2,9,17,1.0,257
0,6,17,1.0,257
2,4,17,64.0,257
0,9,17,3.0,256
0,9,17,13.0,233
0,0,17,3.0,248
0,0,17,2.0,248
1,2,17,17.0,233
1,0,17,6.0,248
0,4,17,10.0,272
2,6,17,5.0,249
2,0,17,9.0,248
2,2,17,2.0,210
2,0,17,0.0,257
1,9,17,34.0,233
1,2,17,3.0,233
0,2,17,23.0,249
0,2,17,11.0,236
0,6,17,2.0,272
2,6,17,39.0,270
2,9,17,65.0,234
2,2,17,2.0,270
2,9,17,69.0,258
0,4,17,15.0,261
2,9,17,3.0,270
1,2,17,33.0,242
0,2,17,1.0,242
0,4,17,17.0,257
0,9,17,3.0,257
1,9,17,11.0,210
2,0,17,6.0,270
1,4,17,14.0,270
2,9,17,8.0,257
1,0,17,12.0,270
0,0,17,21.0,258
0,4,17,17.0,236
1,6,17,4.0,256
2,0,17,13.0,272
2,0,17,21.0,236
0,2,17,17.0,249
2,0,17,9.0,210
2,6,17,13.0,252
2,0,17,2.0,233
2,4,17,29.0,249
1,4,17,26.0,270
0,6,17,13.0,257
0,4,17,57.0,270
2,2,17,5.0,272
0,0,17,28.0,249
1,9,17,24.0,258
1,4,17,91.0,248
1,0,17,2.0,253
0,0,17,6.0,233
1,9,17,2.0,256
1,4,17,6.0,258
1,0,17,39.0,257
2,4,17,4.0,234
1,0,17,4.0,248
1,6,17,54.0,258
1,4,17,35.0,234
0,9,17,7.0,257
0,4,17,4.0,248
2,0,17,7.0,244
0,4,17,41.0,249
2,2,17,10.0,257
0,9,17,23.0,244
1,6,17,35.0,234
1,4,17,56.0,270
0,9,17,77.0,272
0,4,17,25.0,257
2,0,17,71.0,256
0,4,17,28.0,258
1,9,17,20.0,248
0,4,17,32.0,248
1,0,17,12.0,253
0,9,17,0.0,249
2,2,17,1.0,234
0,2,17,8.0,257
2,4,17,3.0,257
2,6,17,14.0,261
2,9,17,53.0,253
0,9,17,16.0,252
1,6,17,8.0,270
1,4,17,5.0,253
0,9,17,5.0,252
1,6,17,8.0,257
0,4,17,41.0,253
1,4,17,34.0,257
1,6,17,18.0,257
0,9,17,6.0,253
1,9,17,0.0,248
2,4,17,8.0,233
1,0,17,22.0,242
0,9,17,7.0,248
0,4,17,4.0,248
0,9,17,0.0,257
1,0,17,23.0,272
1,4,17,4.0,236
0,9,17,35.0,210
0,2,17,59.0,257
1,6,17,10.0,236
0,6,17,30.0,253
2,9,17,11.0,242
0,4,17,1.0,256
1,2,17,20.0,253
2,4,17,1.0,256
2,2,17,10.0,270
0,9,17,12.0,252
0,9,17,12.0,257
1,0,17,0.0,210
1,9,17,10.0,261
2,9,17,4.0,236
0,6,17,12.0,210
1,0,17,6.0,257
1,0,17,20.0,258
1,6,17,25.0,248
2,6,17,44.0,256
1,4,17,25.0,256
1,6,17,13.0,210
0,2,17,6.0,272
1,9,17,3.0,270
2,4,17,11.0,252
1,9,17,35.0,256
1,0,17,7.0,261
1,4,17,18.0,257
0,2,17,6.0,249
2,9,17,30.0,244
0,2,17,19.0,244
1,9,17,6.0,270
0,9,17,0.0,234
0,2,17,20.0,253
0,9,17,5.0,270
1,0,17,41.0,257
1,2,17,27.0,244
1,0,17,14.0,270
1,4,17,15.0,256
0,9,17,5.0,257
2,0,17,23.0,261
2,6,17,2.0,248
1,4,17,14.0,236
2,6,17,2.0,248
0,2,17,22.0,252
0,2,17,13.0,270
2,4,17,6.0,270
0,6,17,13.0,244
1,2,18,20.0,234
0,4,18,5.0,257
0,0,18,21.0,258
2,2,18,25.0,272
0,6,18,1.0,248
1,2,18,37.0,242
2,6,18,44.0,242
0,0,18,25.0,253
1,4,18,18.0,261
2,9,18,40.0,257
0,6,18,8.0,248
0,6,18,28.0,234
2,2,18,40.0,270
2,0,18,1.0,234
1,4,18,42.0,257
1,9,18,29.0,270
2,4,18,1.0,272
2,6,18,6.0,242
2,0,18,38.0,248
1,0,18,28.0,234
1,0,18,18.0,270
0,6,18,19.0,272
0,2,18,3.0,233
0,0,18,3.0,234
1,2,18,6.0,244
0,2,18,50.0,252
0,0,18,8.0,233
0,4,18,24.0,257
2,4,18,8.0,244
1,6,18,3.0,252
0,4,18,2.0,270
0,4,18,14.0,258
1,2,18,35.0,249
0,6,18,17.0,248
2,4,18,2.0,272
0,0,18,18.0,261
1,6,18,13.0,242
2,6,18,2.0,248
1,2,18,4.0,248
0,6,18,9.0,257
2,6,18,2.0,234
0,2,18,3.0,252
2,9,18,21.0,257
2,0,18,7.0,258
1,4,18,22.0,256
0,9,18,6.0,257
0,0,18,26.0,252
1,0,18,2.0,258
0,6,18,21.0,270
1,0,18,3.0,242
0,4,18,5.0,257
0,9,18,12.0,257
2,0,18,8.0,257
2,6,18,32.0,236
0,0,18,61.0,248
0,6,18,8.0,236
2,2,18,26.0,270
2,4,18,7.0,234
0,2,18,16.0,244
2,4,18,2.0,234
1,0,18,22.0,233
0,2,18,5.0,257
0,4,18,12.0,244
0,6,18,2.0,248
2,6,18,9.0,258
2,2,18,11.0,258
1,0,18,18.0,252
1,6,18,29.0,249
1,4,18,65.0,261
1,6,18,15.0,248
1,4,18,0.0,272
1,6,18,4.0,261
0,6,18,12.0,257
0,4,18,33.0,257
1,0,18,7.0,242
2,0,18,3.0,234
2,4,18,31.0,234
1,9,18,9.0,248
2,6,18,7.0,244
1,6,18,50.0,272
2,0,18,8.0,242
2,6,18,13.0,244
1,0,18,45.0,257
1,0,18,46.0,253
2,9,18,41.0,258
1,4,18,19.0,270
0,9,18,2.0,256
0,6,18,21.0,244
2,0,18,3.0,257
1,4,18,25.0,257
0,0,18,36.0,257
1,6,18,10.0,258
2,6,18,4.0,253
2,0,18,29.0,272
0,6,18,5.0,236
2,6,18,19.0,257
0,0,18,7.0,233
1,9,18,17.0,242
2,4,18,81.0,248
1,9,18,3.0,258
2,6,18,37.0,249
0,2,18,5.0,248
2,6,18,46.0,236
0,9,18,1.0,258
1,2,18,17.0,272
1,2,18,5.0,233
2,4,18,82.0,244
1,9,18,35.0,257
2,6,18,23.0,248
1,0,18,44.0,272
2,9,18,7.0,248
0,0,18,39.0,234
2,9,18,14.0,257
2,4,18,17.0,248
1,9,18,3.0,253
2,0,18,2.0,257
0,9,18,13.0,249
0,0,18,14.0,234
2,2,18,14.0,258
1,4,18,26.0,242
2,4,18,11.0,270
0,2,18,13.0,244
0,0,18,20.0,249
1,4,18,5.0,270
1,0,18,65.0,249
2,0,18,0.0,270
0,4,18,8.0,256
2,6,18,4.0,244
2,2,18,16.0,270
0,6,18,28.0,261
2,6,18,3.0,270
2,6,18,1.0,253
0,6,18,16.0,248
2,2,18,73.0,252
0,2,18,30.0,270
2,4,18,15.0,248
1,9,18,24.0,242
2,4,18,8.0,249
1,0,18,6.0,244
1,4,18,24.0,210
1,9,18,12.0,257
1,9,18,9.0,257
2,4,18,126.0,261
0,6,18,44.0,210
0,2,18,70.0,270
0,9,18,1.0,257
2,6,18,41.0,257
0,6,18,19.0,210
2,0,18,27.0,248
2,0,18,6.0,236
0,2,18,47.0,210
1,9,18,4.0,234
2,0,18,14.0,270
2,9,18,50.0,244
1,9,18,0.0,261
0,0,18,40.0,233
1,2,18,7.0,249
2,4,18,9.0,257
2,6,18,16.0,248
1,4,18,26.0,272
1,2,18,6.0,257
2,6,18,47.0,261
2,4,18,2.0,242
2,0,18,5.0,210
0,6,18,2.0,252
2,0,18,23.0,253
2,4,18,18.0,261
0,2,18,4.0,233
0,9,18,47.0,234
1,6,18,8.0,248
2,4,18,4.0,257
0,6,18,21.0,253
0,6,18,0.0,270
2,2,18,4.0,252
2,6,18,1.0,242
0,9,18,13.0,236
1,6,18,8.0,272
0,0,18,19.0,244
0,6,18,4.0,236
1,6,18,19.0,248
0,6,18,33.0,233
2,9,18,24.0,249
1,4,18,7.0,210
2,6,18,20.0,253
0,4,18,8.0,270
2,6,18,21.0,234
0,6,18,10.0,210
0,2,19,93.0,244
1,9,19,60.0,236
2,2,19,32.0,210
2,2,19,25.0,253
0,4,19,17.0,272
2,6,19,2.0,242
2,2,19,6.0,272
0,0,19,11.0,270
2,0,19,29.0,242
2,0,19,2.0,261
1,0,19,48.0,210
2,9,19,11.0,256
1,6,19,6.0,236
1,6,19,0.0,272
0,6,19,11.0,242
1,2,19,2.0,253
0,2,19,20.0,258
1,9,19,21.0,252
2,2,19,37.0,258
1,2,19,13.0,210
0,6,19,23.0,272
2,4,19,1.0,249
1,6,19,11.0,244
2,9,19,2.0,236
0,0,19,15.0,257
1,9,19,4.0,242
0,6,19,81.0,253
2,4,19,2.0,252
2,2,19,15.0,233
2,0,19,40.0,253
2,6,19,5.0,261
1,0,19,13.0,257
2,0,19,2.0,252
1,2,19,3.0,210
2,6,19,2.0,233
1,9,19,39.0,233
2,0,19,13.0,256
1,6,19,8.0,210
0,9,19,5.0,234
2,2,19,14.0,236
0,9,19,30.0,236
2,2,19,24.0,242
1,4,19,17.0,253
2,2,19,25.0,257
0,4,19,1.0,270
0,0,19,42.0,248
0,9,19,8.0,257
1,0,19,47.0,261
2,2,19,3.0,244
2,0,19,89.0,252
1,4,19,47.0,253
2,2,19,8.0,234
0,0,19,93.0,248
2,6,19,5.0,272
1,4,19,11.0,258
2,9,19,2.0,244
0,0,19,1.0,233
1,4,19,54.0,249
2,0,19,0.0,257
1,4,19,2.0,248
0,4,19,26.0,256
0,4,19,21.0,257
1,4,19,23.0,244
0,4,19,28.0,258
2,2,19,4.0,261
1,9,19,7.0,236
2,2,19,22.0,234
1,2,19,26.0,210
1,6,19,8.0,256
0,4,19,6.0,242
0,2,19,9.0,257
2,0,19,8.0,270
2,6,19,25.0,257
1,4,19,19.0,270
2,9,19,5.0,257
2,0,19,1.0,258
1,9,19,37.0,257
2,6,19,13.0,244
0,0,19,9.0,258
1,2,19,1.0,261
1,0,19,36.0,252
1,2,19,0.0,236
2,4,19,18.0,256
1,9,19,5.0,234
2,9,19,37.0,233
1,4,19,9.0,249
0,6,19,11.0,244
1,6,19,26.0,248
0,2,19,5.0,257
1,4,19,6.0,233
2,4,19,7.0,270
2,4,19,26.0,261
0,0,19,14.0,248
1,0,19,13.0,261
1,4,19,10.0,252
0,9,19,9.0,261
1,2,19,1.0,270
1,4,19,6.0,248
2,9,19,25.0,270
0,0,19,38.0,248
1,2,19,18.0,210
0,6,19,2.0,248
1,6,19,22.0,249
1,6,19,10.0,261
2,4,19,2.0,270
0,0,19,31.0,248
0,6,19,3.0,242
2,9,19,4.0,233
2,0,19,23.0,258
2,4,19,5.0,272
1,4,19,35.0,272
1,9,19,31.0,256
2,6,19,14.0,261
2,2,19,29.0,236
2,4,19,36.0,244
1,6,19,3.0,248
2,0,19,6.0,256
1,6,19,4.0,236
1,4,19,13.0,248
2,2,19,26.0,234
0,4,19,3.0,270
1,0,19,23.0,261
0,6,19,14.0,234
0,6,19,21.0,249
2,4,19,3.0,248
1,0,19,79.0,257
0,9,19,25.0,242
2,0,19,26.0,236
1,2,19,6.0,236
2,6,19,29.0,270
1,2,19,11.0,248
0,9,19,1.0,236
1,6,19,13.0,244
1,4,19,34.0,233
2,9,19,12.0,242
0,0,19,29.0,248
0,9,19,12.0,233
2,4,19,7.0,244
2,9,19,27.0,270
0,2,19,4.0,257
1,2,19,26.0,261
1,4,19,16.0,270
1,4,19,4.0,257
1,0,19,18.0,244
0,2,19,53.0,233
1,2,19,33.0,210
1,2,19,35.0,270
2,4,19,5.0,257
0,0,19,13.0,270
0,9,19,16.0,256
2,6,19,5.0,244
2,9,19,11.0,257
2,6,19,18.0,242
0,2,19,37.0,248
2,2,19,21.0,242
2,6,19,0.0,258
0,0,19,3.0,249
0,9,19,7.0,249
2,4,19,46.0,256
2,2,19,14.0,210
0,0,19,46.0,236
2,0,19,58.0,257
1,6,19,9.0,257
1,0,19,19.0,252
1,4,19,83.0,253
1,4,19,28.0,233
1,0,19,1.0,257
2,6,19,16.0,248
0,2,19,27.0,270
2,4,19,13.0,242
2,4,19,1.0,272
2,6,19,5.0,244
0,4,19,39.0,242
1,4,19,6.0,258
0,2,19,27.0,270
0,6,19,5.0,261
1,4,19,17.0,233
0,9,19,40.0,256
2,2,19,34.0,244
1,9,19,35.0,233
0,9,19,10.0,257
2,4,19,24.0,242
2,2,19,9.0,257
1,4,19,21.0,270
2,6,19,14.0,257
1,4,19,30.0,233
2,2,19,17.0,270
2,6,19,0.0,234
2,4,19,24.0,242
2,9,19,7.0,270
2,2,20,69.0,234
2,0,20,1.0,244
2,0,20,34.0,244
1,0,20,27.0,210
0,2,20,4.0,258
2,4,20,2.0,210
2,9,20,19.0,233
0,6,20,1.0,249
2,4,20,11.0,257
2,6,20,5.0,270
0,0,20,25.0,258
1,4,20,21.0,249
1,9,20,10.0,270
0,6,20,12.0,256
0,0,20,1.0,210
2,9,20,5.0,233
0,6,20,44.0,270
0,4,20,12.0,272
1,2,20,20.0,258
1,6,20,26.0,249
2,4,20,19.0,248
1,6,20,61.0,253
1,6,20,7.0,233
1,2,20,3.0,242
0,9,20,2.0,242
1,2,20,47.0,257
2,2,20,12.0,234
2,6,20,0.0,252
0,0,20,18.0,242
1,0,20,18.0,248
2,4,20,30.0,261
2,4,20,14.0,261
2,0,20,9.0,249
0,9,20,13.0,249
2,2,20,6.0,242
0,9,20,11.0,270
0,2,20,8.0,270
0,0,20,26.0,244
2,6,20,12.0,253
1,2,20,6.0,253
0,6,20,25.0,244
0,0,20,6.0,210
1,2,20,7.0,253
2,4,20,12.0,248
1,2,20,23.0,258
1,6,20,28.0,270
2,9,20,4.0,256
0,9,20,2.0,257
0,9,20,9.0,261
2,6,20,14.0,210
1,6,20,0.0,248
0,2,20,35.0,233
1,4,20,0.0,248
2,2,20,21.0,258
2,4,20,1.0,233
2,4,20,10.0,257
0,2,20,45.0,248
2,6,20,11.0,248
0,0,20,14.0,253
0,4,20,13.0,236
2,4,20,27.0,236
0,2,20,8.0,253
1,0,20,6.0,253
2,2,20,14.0,257
2,2,20,16.0,270
0,4,20,16.0,242
1,9,20,29.0,249
1,6,20,8.0,248
0,9,20,17.0,233
0,4,20,20.0,270
2,9,20,11.0,248
2,6,20,12.0,258
1,6,20,26.0,256
0,2,20,10.0,270
2,2,20,13.0,270
0,2,20,21.0,253
0,6,20,3.0,257
0,2,20,7.0,270
2,6,20,2.0,234
0,6,20,7.0,242
0,4,20,37.0,244
1,2,20,3.0,257
1,4,20,33.0,261
2,9,20,13.0,249
2,2,20,17.0,256
0,2,20,2.0,248
1,2,20,81.0,253
0,2,20,9.0,272
0,4,20,38.0,242
2,6,20,75.0,248
0,9,20,26.0,233
0,2,20,9.0,270
1,4,20,17.0,270
0,9,20,30.0,270
0,2,20,7.0,236
2,6,20,11.0,258
0,4,20,2.0,249
0,0,20,13.0,210
2,9,20,5.0,234
0,4,20,23.0,248
0,6,20,11.0,248
2,4,20,2.0,272
1,6,20,40.0,248
0,4,20,20.0,248
0,9,20,1.0,248
1,6,20,25.0,252
0,6,20,20.0,248
0,9,20,75.0,257
1,9,20,3.0,249
2,6,20,11.0,234
1,0,20,26.0,258
1,2,20,32.0,253
0,0,20,4.0,236
0,0,20,12.0,252
1,0,20,16.0,253
0,0,20,36.0,236
1,0,20,5.0,248
2,0,20,6.0,233
1,9,20,4.0,270
1,0,20,101.0,256
1,4,20,19.0,234
0,9,20,7.0,257
1,9,20,12.0,244
2,9,20,3.0,261
2,9,20,15.0,256
2,0,20,36.0,248
1,9,20,18.0,236
2,4,20,32.0,249
2,9,20,12.0,261
0,9,20,17.0,258
2,9,20,33.0,249
1,4,20,9.0,248
0,0,20,3.0,252
2,6,20,4.0,244
0,2,20,1.0,234
1,2,20,24.0,257
0,0,20,21.0,234
1,4,20,33.0,244
0,6,20,13.0,242
2,6,20,8.0,270
0,2,20,43.0,270
1,2,20,17.0,270
0,6,20,6.0,272
1,9,20,20.0,272
2,9,20,18.0,252
1,6,20,72.0,270
2,9,20,35.0,248
1,0,20,11.0,270
1,9,20,1.0,270
1,2,20,18.0,257
0,9,20,2.0,248
1,2,20,4.0,244
2,6,20,8.0,270
2,9,20,93.0,272
1,2,20,0.0,256
0,2,20,13.0,249
1,0,20,3.0,272
0,6,20,6.0,270
0,4,20,0.0,249
2,0,20,5.0,233
2,0,20,5.0,256
2,9,20,1.0,257
0,2,20,23.0,249
0,0,20,13.0,257
2,9,20,4.0,242
0,9,20,0.0,270
2,2,20,10.0,242
2,6,20,26.0,233
0,2,20,5.0,258
2,0,20,13.0,248
0,0,20,18.0,253
0,9,20,20.0,236
1,6,20,0.0,257
1,2,20,5.0,253
0,6,20,11.0,258
0,6,20,22.0,270
2,2,20,18.0,233
2,4,20,0.0,234
2,6,20,17.0,253
0,4,20,4.0,242
1,2,20,5.0,248
0,0,20,0.0,249
2,6,20,12.0,248
2,4,20,7.0,233
2,6,20,2.0,244
2,9,20,76.0,236
0,4,20,4.0,270
2,4,20,75.0,270
0,4,20,1.0,248
2,9,20,76.0,270
0,4,20,10.0,258
2,2,20,68.0,248
1,4,20,16.0,236
2,9,20,23.0,261
2,4,20,10.0,252
1,6,20,1.0,270
1,2,20,1.0,210
1,4,20,7.0,210
1,6,20,11.0,270
0,0,20,5.0,244
0,2,20,8.0,257
0,6,20,7.0,233
2,9,20,4.0,234
2,6,20,2.0,234
1,0,20,15.0,236
1,2,20,35.0,272
2,4,20,6.0,233
2,4,20,11.0,253
1,2,20,7.0,272
1,4,20,9.0,256
0,2,20,2.0,244
2,4,20,42.0,234
1,4,20,4.0,242
2,9,20,5.0,261
2,9,20,16.0,244
1,0,20,34.0,248
2,4,21,24.0,270
2,9,21,23.0,257
2,0,21,6.0,256
1,2,21,37.0,244
0,6,21,6.0,256
1,9,21,15.0,249
2,2,21,18.0,258
2,4,21,27.0,270
0,2,21,26.0,234
0,9,21,33.0,236
1,4,21,1.0,248
0,2,21,42.0,253
2,2,21,35.0,253
0,0,21,3.0,248
1,0,21,5.0,272
0,9,21,29.0,244
1,9,21,22.0,261
0,0,21,22.0,256
2,6,21,6.0,258
2,6,21,9.0,248
2,2,21,17.0,257
0,6,21,2.0,244
2,4,21,57.0,257
2,2,21,7.0,261
0,4,21,8.0,248
1,4,21,8.0,249
2,6,21,27.0,256
2,0,21,17.0,253
0,2,21,40.0,270
1,4,21,27.0,249
2,9,21,5.0,252
0,2,21,28.0,257
2,0,21,9.0,248
2,4,21,21.0,272
0,4,21,27.0,210
1,0,21,124.0,248
1,4,21,38.0,234
2,0,21,10.0,270
2,2,21,29.0,272
1,0,21,12.0,236
2,6,21,58.0,233
0,6,21,6.0,257
0,2,21,38.0,258
2,9,21,31.0,257
0,4,21,43.0,242
0,0,21,79.0,236
1,4,21,22.0,236
2,9,21,60.0,261
1,9,21,48.0,256
0,2,21,10.0,270
0,2,21,50.0,248
0,4,21,35.0,252
1,6,21,3.0,248
0,4,21,14.0,270
1,0,21,14.0,261
0,2,21,3.0,233
0,0,21,0.0,253
2,6,21,14.0,257
0,0,21,14.0,261
1,4,21,40.0,256
2,2,21,12.0,272
2,0,21,8.0,261
1,2,21,3.0,261
1,4,21,19.0,272
2,0,21,29.0,249
0,2,21,8.0,236
2,9,21,11.0,242
2,9,21,26.0,236
0,2,21,5.0,257
0,9,21,18.0,253
0,4,21,36.0,261
0,0,21,31.0,244
0,6,21,2.0,258
2,6,21,98.0,242
0,6,21,14.0,270
0,4,21,8.0,270
2,4,21,34.0,253
0,0,21,11.0,252
0,9,21,3.0,234
2,2,21,27.0,261
2,9,21,3.0,210
1,9,21,7.0,236
1,0,21,12.0,272
1,0,21,25.0,257
0,4,21,35.0,256
0,2,21,16.0,270
0,4,21,11.0,248
0,0,21,29.0,233
0,0,21,7.0,210
2,9,21,5.0,258
1,9,21,14.0,210
1,0,21,5.0,270
2,0,21,22.0,257
1,2,21,16.0,272
0,2,21,26.0,234
1,9,21,13.0,270
1,4,21,1.0,248
2,4,21,14.0,252
1,9,21,4.0,256
1,9,21,12.0,248
2,4,21,11.0,257
1,9,21,10.0,248
0,0,21,3.0,236
2,4,21,5.0,270
1,2,21,2.0,261
1,0,21,33.0,252
2,9,21,24.0,256
2,0,21,27.0,236
0,4,21,4.0,258
1,4,21,27.0,256
2,2,21,88.0,272
0,9,21,2.0,234
0,9,21,21.0,236
0,0,21,5.0,261
0,0,21,1.0,270
1,6,21,1.0,249
2,6,21,73.0,272
1,4,21,9.0,236
0,0,21,40.0,252
1,2,21,14.0,248
0,2,21,40.0,261
0,0,21,27.0,233
2,9,21,0.0,234
2,2,21,7.0,272
1,0,21,28.0,233
0,4,21,0.0,234
2,0,21,5.0,242
0,4,21,6.0,233
1,0,21,5.0,261
2,9,21,9.0,261
1,4,21,36.0,242
2,4,21,12.0,256
0,6,21,3.0,272
2,2,21,20.0,257
2,4,21,32.0,253
2,4,21,9.0,252
0,9,21,24.0,248
2,0,21,1.0,257
1,0,21,20.0,244
2,6,21,44.0,233
1,6,21,4.0,244
2,0,21,16.0,249
0,0,21,1.0,257
0,4,21,12.0,249
0,2,21,47.0,253
0,9,21,5.0,270
2,9,21,23.0,234
0,9,21,2.0,257
0,4,21,1.0,233
0,0,21,25.0,256
1,6,21,7.0,256
2,6,21,13.0,257
2,2,21,15.0,256
1,9,21,13.0,258
1,0,21,105.0,253
2,6,21,1.0,270
1,6,21,26.0,234
2,2,21,28.0,248
2,9,21,15.0,270
2,6,21,11.0,236
0,9,21,9.0,234
1,9,21,6.0,253
1,6,21,32.0,236
1,0,21,2.0,270
0,2,21,13.0,272
0,6,21,12.0,244
2,0,21,36.0,234
0,0,21,10.0,258
2,0,21,45.0,233
0,9,21,21.0,242
0,2,21,45.0,257
1,9,21,26.0,257
2,6,21,13.0,248
0,0,21,13.0,249
2,2,21,39.0,242
1,6,21,3.0,244
1,0,21,8.0,257
1,2,21,11.0,236
0,0,21,4.0,249
2,4,22,29.0,242
1,9,22,31.0,210
1,0,22,3.0,258
0,2,22,11.0,270
2,4,22,10.0,256
1,0,22,3.0,272
0,9,22,12.0,233
2,2,22,6.0,236
1,6,22,11.0,252
0,4,22,15.0,233
0,6,22,41.0,258
2,6,22,4.0,249
1,0,22,21.0,270
2,0,22,4.0,257
0,0,22,13.0,242
2,4,22,42.0,236
0,0,22,21.0,234
1,4,22,6.0,252
2,2,22,21.0,248
2,2,22,2.0,249
1,2,22,2.0,257
1,4,22,1.0,249
2,0,22,4.0,270
0,9,22,4.0,258
0,4,22,5.0,256
1,0,22,28.0,270
0,4,22,7.0,270
0,9,22,6.0,244
2,6,22,13.0,257
2,2,22,19.0,270
2,6,22,30.0,258
1,2,22,2.0,248
0,4,22,49.0,258
0,0,22,9.0,261
0,6,22,3.0,258
2,0,22,27.0,233
2,4,22,27.0,210
0,4,22,25.0,252
0,9,22,16.0,258
2,2,22,6.0,252
2,0,22,5.0,210
2,0,22,14.0,210
0,9,22,5.0,257
2,2,22,10.0,248
2,6,22,1.0,253
0,9,22,4.0,210
1,0,22,1.0,210
0,4,22,46.0,272
1,2,22,7.0,249
2,4,22,11.0,234
1,2,22,4.0,253
1,9,22,17.0,244
2,9,22,12.0,248
0,6,22,34.0,248
0,2,22,34.0,257
0,6,22,9.0,258
0,6,22,15.0,256
0,6,22,5.0,210
0,0,22,7.0,248
1,2,22,4.0,256
2,2,22,3.0,252
0,9,22,19.0,257
0,4,22,29.0,258
1,0,22,19.0,270
1,4,22,33.0,270
0,2,22,18.0,258
0,2,22,0.0,248
2,2,22,50.0,248
2,4,22,45.0,252
1,6,22,14.0,258
0,4,22,16.0,234
1,4,22,19.0,257
0,4,22,8.0,236
2,9,22,11.0,270
0,0,22,3.0,252
2,6,22,23.0,236
1,2,22,16.0,249
1,2,22,10.0,236
2,4,22,17.0,244
0,2,22,5.0,256
0,4,22,41.0,272
2,9,22,14.0,272
0,6,22,32.0,236
0,4,22,0.0,272
0,6,22,19.0,234
1,6,22,3.0,270
0,0,22,21.0,248
2,4,22,22.0,244
0,2,22,3.0,261
2,9,22,52.0,256
2,0,22,43.0,234
1,9,22,18.0,261
0,2,22,30.0,252
2,2,22,10.0,257
0,4,22,34.0,248
1,2,22,11.0,242
0,0,22,5.0,270
2,2,22,2.0,252
0,2,22,4.0,252
1,2,22,10.0,270
0,0,22,25.0,249
1,9,22,3.0,233
1,6,22,19.0,256
2,0,22,13.0,253
1,9,22,2.0,248
1,9,22,6.0,252
0,4,22,16.0,257
2,9,22,3.0,248
2,4,22,7.0,210
0,4,22,14.0,270
0,6,22,76.0,252
2,0,22,23.0,210
0,2,22,28.0,248
1,2,22,4.0,233
1,4,22,16.0,261
0,9,22,0.0,244
2,9,22,3.0,257
0,6,22,25.0,253
1,2,22,8.0,234
0,2,22,13.0,261
2,0,22,1.0,272
2,9,22,15.0,270
2,0,22,43.0,244
2,4,22,11.0,249
1,4,22,5.0,234
1,9,22,24.0,256
0,0,22,4.0,248
1,6,22,2.0,233
1,9,22,18.0,257
1,2,22,46.0,248
2,4,22,11.0,261
0,4,22,49.0,258
2,9,22,2.0,248
2,2,22,55.0,244
1,2,22,0.0,248
2,2,22,26.0,242
1,9,22,20.0,249
1,2,22,3.0,272
0,9,22,17.0,272
1,2,22,23.0,234
2,9,22,170.0,252
0,4,22,22.0,270
1,4,22,15.0,258
2,9,22,38.0,261
2,4,22,4.0,253
0,2,22,1.0,272
2,2,22,46.0,248
2,9,22,2.0,253
0,9,22,7.0,270
2,9,22,4.0,233
2,2,22,16.0,256
1,4,22,14.0,234
1,9,22,33.0,253
2,4,22,12.0,253
1,4,22,7.0,249
0,6,22,6.0,252
0,6,22,0.0,210
1,4,22,41.0,244
1,9,22,8.0,252
0,4,22,4.0,257
0,0,22,26.0,252
2,9,22,1.0,242
0,4,22,11.0,270
0,2,22,4.0,248
2,9,22,9.0,258
2,4,22,8.0,258
2,0,22,2.0,234
2,2,22,1.0,234
1,9,22,4.0,253
2,9,22,10.0,253
1,0,22,15.0,270
1,9,22,7.0,210
2,2,22,49.0,244
0,9,22,22.0,270
0,2,22,23.0,244
2,2,22,9.0,210
1,0,22,13.0,256
1,9,22,29.0,261
0,4,22,35.0,244
2,0,22,1.0,257
2,2,22,6.0,257
2,2,22,25.0,257
0,6,22,4.0,249
1,6,22,19.0,258
1,0,22,18.0,257
0,6,22,2.0,248
1,4,22,9.0,248
0,6,22,20.0,249
0,0,22,8.0,244
2,9,22,6.0,272
0,9,22,27.0,248
0,9,22,16.0,257
2,4,22,16.0,233
0,4,22,44.0,236
0,9,22,42.0,270
0,2,22,2.0,270
1,6,22,46.0,248
1,9,22,33.0,257
0,9,22,6.0,272
2,0,22,61.0,257
0,0,22,36.0,261
1,4,22,2.0,249
0,0,22,1.0,257
2,6,22,26.0,272
0,4,22,13.0,257
1,6,22,4.0,270
0,9,22,3.0,257
2,9,22,2.0,261
0,2,22,35.0,233
2,0,22,6.0,272
1,9,22,4.0,256
1,6,22,6.0,248
0,2,22,11.0,249
0,2,22,2.0,258
1,6,22,25.0,210
1,6,22,19.0,256
1,6,22,26.0,242
2,2,23,19.0,248
1,2,23,3.0,270
1,6,23,41.0,258
1,0,23,2.0,253
0,6,23,17.0,252
2,4,23,9.0,257
1,2,23,39.0,252
2,6,23,29.0,257
1,6,23,19.0,256
0,6,23,7.0,270
1,0,23,14.0,236
2,0,23,2.0,256
2,4,23,26.0,242
2,4,23,43.0,270
2,6,23,1.0,248
0,0,23,1.0,257
2,0,23,11.0,210
2,4,23,3.0,248
2,0,23,24.0,261
2,9,23,4.0,272
1,0,23,2.0,252
2,4,23,15.0,236
0,6,23,8.0,261
1,2,23,9.0,270
1,2,23,53.0,236
0,9,23,9.0,257
0,2,23,9.0,234
2,6,23,34.0,252
2,4,23,31.0,249
1,2,23,1.0,233
2,6,23,34.0,257
0,2,23,17.0,270
1,2,23,44.0,270
2,4,23,43.0,252
2,2,23,31.0,248
0,4,23,5.0,249
1,2,23,3.0,233
2,0,23,19.0,272
1,0,23,88.0,270
1,2,23,3.0,272
2,0,23,15.0,248
0,4,23,2.0,248
0,2,23,20.0,244
2,6,23,3.0,252
1,9,23,5.0,248
1,9,23,18.0,272
1,2,23,13.0,272
2,4,23,1.0,261
2,0,23,17.0,257
2,6,23,27.0,270
1,0,23,9.0,270
1,2,23,6.0,236
1,4,23,17.0,234
0,2,23,24.0,270
2,0,23,21.0,258
2,2,23,27.0,257
1,6,23,14.0,233
1,4,23,6.0,261
0,2,23,43.0,242
0,9,23,44.0,248
2,9,23,1.0,249
0,9,23,37.0,233
0,0,23,15.0,244
1,6,23,2.0,261
1,6,23,9.0,249
0,4,23,51.0,272
1,4,23,12.0,233
2,0,23,10.0,257
0,4,23,26.0,242
1,6,23,3.0,257
0,2,23,7.0,210
0,6,23,9.0,257
0,9,23,7.0,270
0,2,23,33.0,252
0,2,23,5.0,258
2,2,23,3.0,249
1,6,23,56.0,270
1,4,23,3.0,252
0,9,23,19.0,252
2,9,23,6.0,270
1,0,23,13.0,253
0,6,23,48.0,256
0,0,23,41.0,210
0,0,23,1.0,258
2,2,23,0.0,258
1,4,23,11.0,236
0,9,23,9.0,236
2,9,23,23.0,256
1,0,23,29.0,234
1,9,23,56.0,248
1,2,23,25.0,270
0,6,23,25.0,261
2,0,23,0.0,257
1,2,23,2.0,249
2,4,23,18.0,248
2,0,23,1.0,256
0,6,23,2.0,233
0,9,23,2.0,258
0,6,23,22.0,258
2,4,23,14.0,258
1,9,23,3.0,244
0,4,23,41.0,261
1,4,23,11.0,270
1,4,23,3.0,270
1,9,23,44.0,242
2,2,23,10.0,258
0,2,23,6.0,242
2,0,23,6.0,258
2,6,23,24.0,257
2,2,23,8.0,258
1,6,23,50.0,252
1,2,23,28.0,270
0,0,23,10.0,248
0,2,23,16.0,258
0,9,23,2.0,270
0,9,23,4.0,270
2,4,23,7.0,248
0,6,23,1.0,261
2,9,23,1.0,261
0,6,23,14.0,249
1,6,23,5.0,270
2,6,23,24.0,233
0,4,23,6.0,270
1,0,23,56.0,242
0,9,23,39.0,248
1,4,23,6.0,270
0,6,23,10.0,244
2,2,23,22.0,257
1,4,23,0.0,234
2,6,23,3.0,257
2,9,23,9.0,257
2,6,23,5.0,270
1,2,23,12.0,272
2,4,23,9.0,257
2,2,23,16.0,253
2,4,23,26.0,236
1,2,23,66.0,270
1,4,23,4.0,258
2,0,23,14.0,252
1,6,23,19.0,252
1,4,23,21.0,253
1,6,23,5.0,270
2,0,23,4.0,270
1,4,23,4.0,257
1,0,23,2.0,272
1,6,23,32.0,249
1,6,23,0.0,258
2,2,23,48.0,257
1,0,23,44.0,257
1,0,23,38.0,256
2,6,23,1.0,236
2,9,23,6.0,236
1,9,23,15.0,270
2,0,23,1.0,249
0,9,23,57.0,233
0,0,23,21.0,234
0,4,23,26.0,257
1,0,23,18.0,261
0,4,23,34.0,261
0,9,23,18.0,233
2,2,23,32.0,248
0,4,23,8.0,210
2,2,23,26.0,272
1,9,23,12.0,249
0,4,23,24.0,249
1,4,23,19.0,258
0,0,23,2.0,233
1,2,23,9.0,257
0,4,23,40.0,258
1,2,23,38.0,253
2,0,23,22.0,236
1,0,23,15.0,248
0,6,23,24.0,233
2,6,23,23.0,270
1,9,23,2.0,236
2,4,23,19.0,258
0,2,23,20.0,253
2,2,23,37.0,233
1,2,23,3.0,270
0,6,23,5.0,253
0,6,23,31.0,252
1,2,23,2.0,257
1,4,23,10.0,253
2,2,23,2.0,242
1,0,23,77.0,210
1,2,23,2.0,253
1,2,23,8.0,249
1,2,23,64.0,258
1,9,23,20.0,261
0,2,23,3.0,257
0,4,23,7.0,252
0,9,23,3.0,270
2,0,23,11.0,253
1,9,23,32.0,256
0,9,23,6.0,242
0,9,23,26.0,242
0,4,23,5.0,249
0,6,23,2.0,248
2,0,23,13.0,270
2,9,23,5.0,258
0,9,23,14.0,261
0,0,23,24.0,256
2,4,23,19.0,236
2,4,23,14.0,257
0,2,23,23.0,252
